Sex,Age,Fare,FamilySize,IsAlone,Pclass_2,Pclass_3,Embarked_Q,Embarked_S,Title_Miss,Title_Mr,Title_Mrs,Title_Rare,Cabin_Deck_B,Cabin_Deck_C,Cabin_Deck_D,Cabin_Deck_E,Cabin_Deck_F,Cabin_Deck_G,Cabin_Deck_T,Cabin_Deck_U
0,-0.5518268706304826,-0.8797405693934278,0.059159876663617626,0,False,True,False,True,False,True,False,False,False,False,False,False,False,False,False,True
1,0.657587883339844,1.3612199269233833,0.059159876663617626,0,False,False,False,False,False,False,True,False,False,True,False,False,False,False,False,False
1,-0.249473182137901,-0.798539974052802,-0.5609748304808925,1,False,True,False,True,True,False,False,False,False,False,False,False,False,False,False,True
1,0.43082261697040775,1.0620380556287106,0.059159876663617626,0,False,False,False,True,False,False,True,False,False,True,False,False,False,False,False,False
0,0.43082261697040775,-0.7841792430073967,-0.5609748304808925,1,False,True,False,True,False,True,False,False,False,False,False,False,False,False,False,True
0,-0.022707915768464766,-0.7386163019798164,-0.5609748304808925,1,False,True,True,False,False,True,False,False,False,False,False,False,False,False,False,True
0,1.8670026373101707,1.038145562232327,-0.5609748304808925,1,False,False,False,True,False,True,False,False,False,False,False,True,False,False,False,False
0,-2.063595313093391,0.1364991380659541,1.9195639980971482,0,False,True,False,True,False,False,False,False,False,False,False,False,False,False,False,True
1,-0.1738847600147556,-0.48145578049281335,0.6792945838081278,0,False,True,False,True,False,False,True,False,False,False,False,False,False,False,False,True
1,-1.156534247615646,0.4894379098126231,0.059159876663617626,0,True,False,False,False,False,False,True,False,False,False,False,False,False,False,False,True
1,-1.9124184688471002,-0.09156500424402261,0.6792945838081278,0,False,True,False,True,True,False,False,False,False,False,False,False,False,True,False,False
1,2.1693563258027524,0.36526093570402607,-0.5609748304808925,1,False,False,False,True,True,False,False,False,False,True,False,False,False,False,False,False
0,-0.7030037148767735,-0.7841792430073967,-0.5609748304808925,1,False,True,False,True,False,True,False,False,False,False,False,False,False,False,False,True
0,0.7331763054629894,0.5286989276421437,3.1598334123861687,0,False,True,False,True,False,True,False,False,False,False,False,False,False,False,False,True
1,-1.156534247615646,-0.806763380796033,-0.5609748304808925,1,False,True,False,True,True,False,False,False,False,False,False,False,False,False,False,True
1,1.942591059433316,-0.13322852057373055,-0.5609748304808925,1,True,False,False,True,False,False,True,False,False,False,False,False,False,False,False,True
0,-2.063595313093391,0.457519539438721,2.5396987052416584,0,False,True,True,False,False,False,False,False,False,False,False,False,False,False,False,True
0,-0.022707915768464766,-0.3336984726090336,-0.5609748304808925,1,True,False,False,True,False,True,False,False,False,False,False,False,False,False,False,True
1,0.12846892847782607,-0.01838583697289204,0.059159876663617626,0,False,True,False,True,False,False,True,False,False,False,False,False,False,False,False,True
1,0.43082261697040775,-0.8828741679067217,-0.5609748304808925,1,False,True,False,False,False,False,True,False,False,False,False,False,False,False,False,True
0,0.43082261697040775,0.3444394801955362,-0.5609748304808925,1,True,False,False,True,False,True,False,False,False,False,False,False,False,False,False,True
0,0.3552341948472623,-0.3336984726090336,-0.5609748304808925,1,True,False,False,True,False,True,False,False,False,False,True,False,False,False,False,False
1,-1.0809458254925006,-0.7865550587251358,-0.5609748304808925,1,False,True,True,False,True,False,False,False,False,False,False,False,False,False,False,True
0,-0.09829633789161019,0.6557188297748954,-0.5609748304808925,1,False,False,False,True,False,True,False,False,False,False,False,False,False,False,False,False
1,-1.6100647803545185,0.1364991380659541,1.9195639980971482,0,False,True,False,True,True,False,False,False,False,False,False,False,False,False,False,True
1,0.657587883339844,0.5322916934007406,3.1598334123861687,0,False,True,False,True,False,False,True,False,False,False,False,False,False,False,False,True
0,-0.022707915768464766,-0.8828741679067217,-0.5609748304808925,1,False,True,False,False,False,True,False,False,False,False,False,False,False,False,False,True
0,-0.7785921369999189,2.6987007794454887,2.5396987052416584,0,False,False,False,True,False,True,False,False,False,True,False,False,False,False,False,False
1,-0.5518268706304826,-0.8038521494426432,-0.5609748304808925,1,False,True,True,False,True,False,False,False,False,False,False,False,False,False,False,True
0,-0.022707915768464766,-0.8019236166026618,-0.5609748304808925,1,False,True,False,True,False,True,False,False,False,False,False,False,False,False,False,True
0,0.8087647275861348,0.4082334475616762,-0.5609748304808925,1,False,False,False,False,False,False,False,True,False,False,False,False,False,False,False,True
1,0.43082261697040775,2.097794920021772,0.059159876663617626,0,False,False,False,False,False,False,True,False,True,False,False,False,False,False,False,False
1,-0.5518268706304826,-0.8189865811572414,-0.5609748304808925,1,False,True,True,False,True,False,False,False,False,False,False,False,False,False,False,True
0,2.774063702787916,-0.5368057694182641,-0.5609748304808925,1,True,False,False,True,False,True,False,False,False,False,False,False,False,False,False,True
0,-0.09829633789161019,1.5060857797883969,0.059159876663617626,0,False,False,False,False,False,True,False,False,False,False,False,False,False,False,False,True
0,0.9599415718324257,1.0408277503255374,0.059159876663617626,0,False,False,False,True,False,True,False,False,False,False,False,False,False,False,False,True
0,-0.022707915768464766,-0.8823470582632056,-0.5609748304808925,1,False,True,False,False,False,True,False,False,False,False,False,False,False,False,False,True
0,-0.6274152927536281,-0.7841792430073967,-0.5609748304808925,1,False,True,False,True,False,True,False,False,False,False,False,False,False,False,False,True
1,-0.8541805591230643,-0.01838583697289204,0.6792945838081278,0,False,True,False,True,True,False,False,False,False,False,False,False,False,False,False,True
1,-1.156534247615646,-0.47227211715402734,0.059159876663617626,0,False,True,False,False,True,False,False,False,False,False,False,False,False,False,False,True
1,0.8087647275861348,-0.6331972544104215,0.059159876663617626,0,False,True,False,True,False,False,True,False,False,False,False,False,False,False,False,True
1,-0.1738847600147556,0.1329851701219792,0.059159876663617626,0,True,False,False,True,False,False,True,False,False,False,False,False,False,False,False,True
0,-0.022707915768464766,-0.8019236166026618,-0.5609748304808925,1,False,True,False,False,False,True,False,False,False,False,False,False,False,False,False,True
1,-1.9880068909702455,0.8147822510349934,1.299429290952638,0,True,False,False,False,True,False,False,False,False,False,False,False,False,False,False,True
1,-0.7785921369999189,-0.8038521494426432,-0.5609748304808925,1,False,True,True,False,True,False,False,False,False,False,False,False,False,False,False,True
0,-0.022707915768464766,-0.7841792430073967,-0.5609748304808925,1,False,True,False,True,False,True,False,False,False,False,False,False,False,False,False,True
0,-0.022707915768464766,-0.16405229962564447,0.059159876663617626,0,False,True,True,False,False,True,False,False,False,False,False,False,False,False,False,True
1,-0.5518268706304826,-0.8189865811572414,-0.5609748304808925,1,False,True,True,False,True,False,False,False,False,False,False,False,False,False,False,True
0,-0.022707915768464766,0.16437971416667366,0.6792945838081278,0,False,True,False,False,False,True,False,False,False,False,False,False,False,False,False,True
1,-0.8541805591230643,-0.029312075627065143,0.059159876663617626,0,False,True,False,True,False,False,True,False,False,False,False,False,False,False,False,True
0,-1.6856532024776638,0.7678594338107121,2.5396987052416584,0,False,True,False,True,False,False,False,False,False,False,False,False,False,False,False,True
0,-0.6274152927536281,-0.8131032608653792,-0.5609748304808925,1,False,True,False,True,False,True,False,False,False,False,False,False,False,False,False,True
1,1.4890605266944434,1.4362199751817062,0.059159876663617626,0,False,False,False,False,False,False,True,False,False,False,True,False,False,False,False,False
1,-0.022707915768464766,0.3444394801955362,0.059159876663617626,0,True,False,False,True,False,False,True,False,False,False,False,False,False,False,False,True
0,2.6984752806647703,1.2189504454470093,0.059159876663617626,0,False,False,False,False,False,True,False,False,True,False,False,False,False,False,False,False
0,-0.022707915768464766,0.6557188297748954,-0.5609748304808925,1,False,False,False,True,False,True,False,False,False,True,False,False,False,False,False,False
1,-0.6274152927536281,-0.5368057694182641,-0.5609748304808925,1,True,False,False,True,True,False,False,False,False,False,False,False,False,False,False,True
0,-0.06050212683003747,-0.8823470582632056,-0.5609748304808925,1,False,True,False,False,False,True,False,False,False,False,False,False,False,False,False,True
1,-1.8368300467239547,0.40928266156909443,1.299429290952638,0,True,False,False,True,True,False,False,False,False,False,False,False,False,False,False,True
0,-1.3832995139850823,0.936361092700485,3.779968119530679,0,False,True,False,True,False,False,False,False,False,False,False,False,False,False,False,True
0,-0.5518268706304826,-0.8823470582632056,-0.5609748304808925,1,False,True,False,False,False,True,False,False,False,False,False,False,False,False,False,True
1,0.657587883339844,1.4787785499834798,-0.5609748304808925,1,False,False,False,True,True,False,False,False,True,False,False,False,False,False,False,False
0,1.186706838201862,1.5221510751129648,0.059159876663617626,0,False,False,False,True,False,True,False,False,False,True,False,False,False,False,False,False
0,-1.9124184688471002,0.4146557174979072,2.5396987052416584,0,False,True,False,True,False,False,False,False,False,False,False,False,False,False,False,True
0,-0.022707915768464766,0.4082334475616762,-0.5609748304808925,1,False,False,False,False,False,True,False,False,False,False,False,False,False,False,False,True
0,-1.9124184688471002,-0.1800831698720664,0.6792945838081278,0,False,True,False,False,False,False,False,False,False,False,False,False,False,False,False,True
1,-0.022707915768464766,-0.5368057694182641,-0.5609748304808925,1,True,False,False,True,False,False,True,False,False,False,False,False,True,False,False,False
0,-0.7785921369999189,-0.7718965778779472,-0.5609748304808925,1,False,True,False,True,False,True,False,False,False,False,False,False,False,False,False,True
1,-0.9297689812462098,-0.798539974052802,3.1598334123861687,0,False,True,False,True,True,False,False,False,False,False,False,False,False,False,False,True
0,-0.249473182137901,-0.7165619336211217,0.6792945838081278,0,False,True,False,True,False,True,False,False,False,False,False,False,False,False,False,True
0,0.2040573506009715,-0.5368057694182641,-0.5609748304808925,1,True,False,False,True,False,True,False,False,False,False,False,False,False,False,False,True
1,-1.005357403369355,0.936361092700485,3.779968119530679,0,False,True,False,True,True,False,False,False,False,False,False,False,False,False,False,True
0,-0.6274152927536281,1.3924082286355355,-0.5609748304808925,1,True,False,False,True,False,True,False,False,False,False,False,False,False,False,False,True
0,-0.249473182137901,-0.23166125968823223,0.059159876663617626,0,False,True,False,False,False,True,False,False,False,False,False,False,False,False,False,True
0,0.2040573506009715,1.1248955097361604,-0.5609748304808925,1,False,True,False,True,False,True,False,False,False,False,False,False,False,False,False,True
0,-0.3250616042610464,-0.830854756854953,-0.5609748304808925,1,False,True,False,True,False,True,False,False,False,False,False,False,True,False,False,False
0,-0.022707915768464766,-0.8019236166026618,-0.5609748304808925,1,False,True,False,True,False,True,False,False,False,False,False,False,False,False,False,True
0,-0.022707915768464766,-0.7841792430073967,-0.5609748304808925,1,False,True,False,True,False,True,False,False,False,False,False,False,False,False,False,True
0,-2.152033766977471,0.4532263111425748,0.6792945838081278,0,True,False,False,True,False,False,False,False,False,False,False,False,False,False,False,True
1,0.05288050635468065,-0.37316263612134226,-0.5609748304808925,1,False,True,False,True,True,False,False,False,False,False,False,False,False,False,False,True
0,-0.5518268706304826,-0.6811127586453682,-0.5609748304808925,1,False,True,False,True,False,True,False,False,False,False,False,False,False,False,False,True
0,-0.022707915768464766,-0.6307359423566569,-0.5609748304808925,1,False,True,False,True,False,True,False,False,False,False,False,False,False,False,False,True
1,-0.5518268706304826,-0.8145709511162281,-0.5609748304808925,1,False,True,True,False,True,False,False,False,False,False,False,False,False,False,False,True
0,-0.09829633789161019,0.940663265248102,-0.5609748304808925,1,False,False,False,True,False,True,False,False,False,False,False,False,False,False,False,True
1,-0.9297689812462098,-0.5368057694182641,-0.5609748304808925,1,True,False,False,True,True,False,False,False,False,False,False,False,False,False,False,True
1,0.2796457727241169,-0.1423794216910609,1.299429290952638,0,False,True,False,True,False,False,True,False,False,False,False,False,False,False,False,True
0,-1.005357403369355,0.6233938271906204,1.9195639980971482,0,False,True,False,True,False,True,False,False,False,False,False,False,False,False,False,True
0,-0.022707915768464766,-0.7841792430073967,-0.5609748304808925,1,False,True,False,True,False,True,False,False,False,False,False,False,False,False,False,True
1,-0.47623844850733726,2.6987007794454887,2.5396987052416584,0,False,False,False,True,True,False,False,False,False,True,False,False,False,False,False,False
0,-0.40065002638419184,-0.7841792430073967,-0.5609748304808925,1,False,True,False,True,False,True,False,False,False,False,False,False,False,False,False,True
0,-0.022707915768464766,-0.7841792430073967,-0.5609748304808925,1,False,True,False,True,False,True,False,False,False,False,False,False,False,False,False,True
0,-0.7030037148767735,-0.806763380796033,-0.5609748304808925,1,False,True,False,True,False,True,False,False,False,False,False,False,False,False,False,True
0,1.2622952603250073,1.2056809915054134,0.059159876663617626,0,False,False,False,True,False,True,False,False,False,False,False,True,False,False,False,False
0,-0.249473182137901,0.11284358066326507,1.299429290952638,0,False,True,False,True,False,True,False,False,False,False,False,False,False,False,False,True
0,2.244944747925898,-0.8797405693934278,-0.5609748304808925,1,False,True,False,True,False,True,False,False,False,False,False,False,False,False,False,True
0,-0.022707915768464766,-0.7841792430073967,-0.5609748304808925,1,False,True,False,True,False,True,False,False,False,False,False,False,False,False,False,True
0,3.152005813403643,0.6315110816648204,-0.5609748304808925,1,False,False,False,False,False,True,False,False,False,False,False,False,False,False,False,False
0,-0.47623844850733726,1.241316266924983,0.059159876663617626,0,False,False,False,False,False,True,False,False,False,False,True,False,False,False,False,False
1,0.3552341948472623,0.2228261499229997,0.059159876663617626,0,True,False,False,True,False,False,True,False,False,False,False,False,False,False,False,True
0,0.3552341948472623,0.3444394801955362,0.059159876663617626,0,True,False,False,True,False,True,False,False,False,False,False,False,False,False,False,True
1,-0.09829633789161019,-0.8019236166026618,-0.5609748304808925,1,False,True,False,True,True,False,False,False,False,False,False,False,False,False,False,True
0,-0.022707915768464766,-0.8019236166026618,-0.5609748304808925,1,False,True,False,True,False,True,False,False,False,False,False,False,False,False,False,True
0,-0.6274152927536281,1.443609675522841,0.059159876663617626,0,False,False,False,True,False,True,False,False,False,False,True,False,False,False,False,False
0,0.2796457727241169,-0.7174492400289059,-0.5609748304808925,1,False,True,False,True,False,True,False,False,False,False,False,False,False,False,False,True
0,0.5819994612166985,-0.798539974052802,0.6792945838081278,0,False,True,False,True,False,True,False,False,False,False,False,False,False,False,False,True
0,-0.09829633789161019,-0.8019236166026618,-0.5609748304808925,1,False,True,False,True,False,True,False,False,False,False,False,False,False,False,False,True
1,-0.6274152927536281,-0.830854756854953,-0.5609748304808925,1,False,True,False,True,True,False,False,False,False,False,False,False,False,False,False,True
0,-0.022707915768464766,-0.8160407306065733,-0.5609748304808925,1,False,True,False,True,False,True,False,False,False,False,False,False,False,False,False,True
0,0.657587883339844,-0.8019236166026618,-0.5609748304808925,1,False,True,False,True,False,True,False,False,False,False,False,False,False,False,False,True
1,-0.5518268706304826,0.2711522804976662,0.059159876663617626,0,False,True,True,False,True,False,False,False,False,False,False,False,False,False,False,True
0,1.3378836824481528,1.0408277503255374,-0.5609748304808925,1,False,False,False,True,False,True,False,False,False,True,False,False,False,False,False,False
1,-1.1187400365540734,-0.23166125968823223,0.059159876663617626,0,False,True,False,False,True,False,False,False,False,False,False,False,False,False,False,True
0,-0.5518268706304826,-0.7841792430073967,-0.5609748304808925,1,False,True,False,True,False,True,False,False,False,False,False,False,False,False,False,True
1,-0.7030037148767735,-0.5992616204389827,0.059159876663617626,0,False,True,False,True,True,False,False,False,False,False,False,False,False,False,False,True
1,-0.9297689812462098,-0.23138736843472296,-0.5609748304808925,1,False,True,False,False,True,False,False,False,False,False,False,False,False,False,False,True
0,-0.6274152927536281,-0.798539974052802,-0.5609748304808925,1,False,True,False,True,False,True,False,False,False,False,False,False,False,False,False,True
0,3.11421160234207,-0.8189865811572414,-0.5609748304808925,1,False,True,True,False,False,True,False,False,False,False,False,False,False,False,False,True
0,-0.022707915768464766,0.1329851701219792,0.059159876663617626,0,True,False,False,True,False,True,False,False,False,False,False,False,False,False,False,True
0,-0.40065002638419184,2.6363132839087284,0.059159876663617626,0,False,False,False,False,False,True,False,False,True,False,False,False,False,False,False,False
1,-2.063595313093391,0.5286989276421437,3.1598334123861687,0,False,True,False,True,True,False,False,False,False,False,False,False,False,False,False,True
0,-0.6274152927536281,1.3924082286355355,0.6792945838081278,0,True,False,False,True,False,True,False,False,False,False,False,False,False,False,False,True
0,-0.022707915768464766,-0.7841792430073967,-0.5609748304808925,1,False,True,False,True,False,True,False,False,False,False,False,False,False,False,False,True
0,0.24185156166254418,0.4894379098126231,0.059159876663617626,0,True,False,False,False,False,True,False,False,False,False,False,False,False,False,False,True
1,0.24185156166254418,-0.3336984726090336,-0.5609748304808925,1,True,False,False,True,True,False,False,False,False,False,False,True,False,False,False,False
0,1.8670026373101707,1.443609675522841,0.059159876663617626,0,False,False,False,True,False,True,False,False,False,False,True,False,False,False,False,False
0,-1.3077110918619368,-0.47227211715402734,0.059159876663617626,0,False,True,False,False,False,False,False,False,False,False,False,False,False,False,False,True
0,-0.022707915768464766,-0.8189865811572414,-0.5609748304808925,1,False,True,True,False,False,True,False,False,False,False,False,False,False,False,False,True
0,-0.40065002638419184,-0.8933844909173265,-0.5609748304808925,1,False,True,False,True,False,True,False,False,False,False,False,False,False,False,False,True
1,-0.5518268706304826,0.19484336402527688,0.6792945838081278,0,False,True,False,False,True,False,False,False,False,False,False,False,True,False,False,False
0,1.186706838201862,-0.9147445967366699,-0.5609748304808925,1,False,True,False,True,False,True,False,False,False,False,False,False,False,False,False,True
0,0.2796457727241169,-0.8019236166026618,-0.5609748304808925,1,False,True,False,False,False,True,False,False,False,False,False,False,False,False,False,True
0,-0.7030037148767735,-0.9050797531497122,-0.5609748304808925,1,False,True,False,True,False,True,False,False,False,False,False,False,False,False,False,True
1,1.3378836824481528,-0.2286058134653583,0.059159876663617626,0,False,True,False,True,False,False,True,False,False,False,False,False,False,False,False,True
1,-0.022707915768464766,0.3444394801955362,0.059159876663617626,0,True,False,False,True,False,False,True,False,False,False,False,False,False,False,False,True
0,-0.3250616042610464,-0.3336984726090336,-0.5609748304808925,1,True,False,False,True,False,True,False,False,False,False,False,False,False,False,False,True
0,-0.47623844850733726,-0.19287328396337328,-0.5609748304808925,1,True,False,False,False,False,True,False,False,False,False,False,False,False,False,False,True
1,-0.7785921369999189,0.3552168481314282,0.6792945838081278,0,False,False,False,True,True,False,False,False,False,False,True,False,False,False,False,False
0,0.5819994612166985,1.0620380556287106,0.059159876663617626,0,False,False,False,True,False,True,False,False,False,True,False,False,False,False,False,False
0,-1.005357403369355,-0.6589770356240848,-0.5609748304808925,1,False,True,False,True,False,True,False,False,False,False,False,False,False,False,False,True
0,-0.40065002638419184,1.4685301291949246,-0.5609748304808925,1,False,False,False,False,False,True,False,False,True,False,False,False,False,False,False,False
1,0.43082261697040775,-0.1800831698720664,0.6792945838081278,0,False,True,False,False,False,False,True,False,False,False,False,False,False,False,False,True
1,-0.5518268706304826,-0.8189865811572414,-0.5609748304808925,1,False,True,False,True,True,False,False,False,False,False,False,False,False,False,False,True
1,-0.40065002638419184,-0.1423794216910609,0.059159876663617626,0,False,True,False,True,False,False,True,False,False,False,False,False,False,False,False,True
0,-0.7785921369999189,-0.9442940832331417,-0.5609748304808925,1,False,True,True,False,False,True,False,False,False,False,False,False,False,False,False,True
0,-0.8541805591230643,-0.4507125974257932,-0.5609748304808925,1,True,False,False,True,False,True,False,False,False,False,False,False,False,False,False,True
0,-0.7785921369999189,0.6904870950626278,0.6792945838081278,0,True,False,False,True,False,True,False,False,False,False,False,False,False,False,False,True
0,-0.1738847600147556,-0.8135961720983267,-0.5609748304808925,1,False,True,False,True,False,True,False,False,False,False,False,False,False,False,False,True
1,-1.5344763582313732,0.6233938271906204,1.9195639980971482,0,False,True,False,True,True,False,False,False,False,False,False,False,False,False,False,True
0,0.5442052501551259,0.3444394801955362,0.6792945838081278,0,True,False,False,True,False,True,False,False,False,False,False,False,True,False,False,False
0,0.9599415718324257,-0.3336984726090336,-0.5609748304808925,1,True,False,False,True,False,False,False,True,False,False,False,False,False,False,False,True
0,1.6402373709407343,-0.3693384839068557,-0.5609748304808925,1,True,False,False,True,False,False,False,True,False,False,False,False,False,False,False,True
1,-0.5518268706304826,1.2920564383571118,0.059159876663617626,0,False,False,False,True,False,False,True,False,False,True,False,False,False,False,False,False
0,1.9803852704948888,-0.7841792430073967,-0.5609748304808925,1,False,True,False,True,False,True,False,False,False,False,False,False,False,False,False,True
0,0.8465589386477075,-0.2286058134653583,0.6792945838081278,0,False,True,False,True,False,True,False,False,False,False,False,False,False,False,False,True
0,-0.022707915768464766,-0.8719479292525482,-0.5609748304808925,1,False,True,False,True,False,True,False,False,False,False,False,False,False,False,False,True
0,1.6402373709407343,1.2090665177433995,0.059159876663617626,0,False,False,False,False,False,True,False,False,False,False,False,False,False,False,False,True
1,-1.005357403369355,-0.8209591021193487,-0.5609748304808925,1,False,True,True,False,True,False,False,False,False,False,False,False,False,False,False,True
0,0.05288050635468065,-0.7841792430073967,-0.5609748304808925,1,False,True,False,True,False,True,False,False,False,False,False,False,False,False,False,True
0,-0.022707915768464766,-0.7165619336211217,-0.5609748304808925,1,False,True,False,True,False,True,False,False,False,False,False,False,False,False,False,True
0,-1.9124184688471002,1.3361591794576348,5.64037224096421,0,False,True,False,True,False,False,False,False,False,False,False,False,False,False,False,True
0,1.1111184160787164,-0.12717266791993012,0.059159876663617626,0,False,True,False,True,False,True,False,False,False,False,False,False,False,False,False,True
1,0.8087647275861348,-0.1485253917280838,-0.5609748304808925,1,True,False,False,True,False,False,True,False,False,False,False,False,False,False,False,True
0,-0.249473182137901,-0.8160407306065733,-0.5609748304808925,1,False,True,False,True,False,True,False,False,False,False,False,False,False,False,False,True
0,-0.9297689812462098,-0.7165619336211217,-0.5609748304808925,1,False,True,False,True,False,True,False,False,False,False,False,False,False,False,False,True
0,-2.1391837352165366,0.7678594338107121,2.5396987052416584,0,False,True,False,True,False,False,False,False,False,False,False,False,False,False,False,True
0,-1.5344763582313732,0.11044794172866994,0.6792945838081278,0,False,True,False,True,False,False,False,False,False,False,False,False,False,False,False,True
1,0.43082261697040775,1.0976780669265336,0.059159876663617626,0,False,False,False,True,False,False,True,False,False,False,False,True,False,False,False,False
1,1.186706838201862,0.4146557174979072,2.5396987052416584,0,False,True,False,True,False,False,True,False,False,False,False,False,False,False,False,True
0,-0.022707915768464766,0.34156737843370105,-0.5609748304808925,1,False,False,False,True,False,True,False,False,False,False,False,False,False,False,False,True
0,-0.09829633789161019,1.1248955097361604,-0.5609748304808925,1,False,True,False,True,False,True,False,False,False,False,False,False,False,False,False,True
0,2.3961215921721886,0.5975333003696796,-0.5609748304808925,1,False,False,False,True,False,True,False,False,True,False,False,False,False,False,False,False
0,-1.9124184688471002,0.457519539438721,2.5396987052416584,0,False,True,True,False,False,False,False,False,False,False,False,False,False,False,False,True
1,-2.1391837352165366,-0.48145578049281335,0.6792945838081278,0,False,True,False,True,True,False,False,False,False,False,False,False,False,False,False,True
0,-0.6274152927536281,-0.798539974052802,-0.5609748304808925,1,False,True,False,True,False,True,False,False,False,False,False,False,False,False,False,True
0,2.0181794815564613,0.5100012756239033,-0.5609748304808925,1,False,False,False,False,False,True,False,False,False,False,False,False,False,False,False,False
0,-0.8541805591230643,-0.806763380796033,0.6792945838081278,0,False,True,False,True,False,True,False,False,False,False,False,False,False,False,False,True
0,-1.9124184688471002,0.32384119624754826,1.9195639980971482,0,False,True,False,True,False,False,False,False,False,False,False,False,False,False,False,True
1,1.564648948817589,0.4432836100273541,-0.5609748304808925,1,False,False,False,False,True,False,False,False,False,True,False,False,False,False,False,False
0,0.05288050635468065,-0.3336984726090336,-0.5609748304808925,1,True,False,False,True,False,True,False,False,False,False,False,False,False,False,False,True
0,0.5064110390935531,-3.0585777291682934,-0.5609748304808925,1,False,True,False,True,False,True,False,False,False,False,False,False,False,False,False,True
1,-0.5518268706304826,1.3361591794576348,5.64037224096421,0,False,True,False,True,True,False,False,False,False,False,False,False,False,False,False,True
0,-0.022707915768464766,-0.19260305647698941,-0.5609748304808925,1,True,False,False,False,False,True,False,False,False,False,False,False,False,False,False,True
0,-1.5344763582313732,0.5322916934007406,3.1598334123861687,0,False,True,False,True,False,False,False,False,False,False,False,False,False,False,False,True
0,-2.1391837352165366,0.750263780890198,1.299429290952638,0,True,False,False,True,False,False,False,False,False,False,False,False,True,False,False,False
1,-1.9124184688471002,0.1800041951014629,0.6792945838081278,0,False,True,False,True,True,False,False,False,False,False,False,False,False,False,False,True
0,-0.022707915768464766,1.0011105492142125,-0.5609748304808925,1,False,False,False,True,False,True,False,False,False,False,False,False,False,False,False,False
1,0.43082261697040775,-0.16405229962564447,0.059159876663617626,0,False,True,True,False,False,False,True,False,False,False,False,False,False,False,False,True
0,1.186706838201862,0.36526093570402607,-0.5609748304808925,1,False,False,False,True,False,True,False,False,False,False,False,False,False,False,False,True
0,0.8087647275861348,-0.16405229962564447,0.6792945838081278,0,False,True,True,False,False,True,False,False,False,False,False,False,False,False,False,True
0,0.5064110390935531,-0.8019236166026618,-0.5609748304808925,1,False,True,False,True,False,True,False,False,False,False,False,False,False,False,False,True
1,0.2040573506009715,-0.3336984726090336,-0.5609748304808925,1,True,False,False,True,False,False,True,False,False,False,False,False,False,False,False,True
0,-0.7785921369999189,-0.3336984726090336,-0.5609748304808925,1,True,False,False,True,False,True,False,False,False,False,False,False,False,False,False,True
1,-0.7785921369999189,-0.806763380796033,0.059159876663617626,0,False,True,False,True,True,False,False,False,False,False,False,False,False,False,False,True
0,-1.9880068909702455,0.3444394801955362,0.6792945838081278,0,True,False,False,True,False,False,False,False,False,False,False,False,True,False,False,False
1,1.1111184160787164,0.4082334475616762,-0.5609748304808925,1,False,False,False,False,False,False,True,False,True,False,False,False,False,False,False,False
1,2.1693563258027524,2.097794920021772,-0.5609748304808925,1,False,False,False,False,True,False,False,False,True,False,False,False,False,False,False,False
0,-0.022707915768464766,-0.8189865811572414,-0.5609748304808925,1,False,True,True,False,False,True,False,False,False,False,False,False,False,False,False,True
0,0.9599415718324257,-0.7445391097425897,0.059159876663617626,0,False,True,False,True,False,True,False,False,False,False,False,False,False,False,False,True
1,-0.5518268706304826,-0.8189865811572414,-0.5609748304808925,1,False,True,True,False,True,False,False,False,False,False,False,False,False,False,False,True
1,-0.40065002638419184,-0.3336984726090336,-0.5609748304808925,1,True,False,False,True,True,False,False,False,False,False,False,False,False,False,False,True
0,-0.09829633789161019,-0.6307359423566569,-0.5609748304808925,1,False,True,False,True,False,True,False,False,False,False,False,False,False,False,False,True
0,-0.022707915768464766,1.3361591794576348,5.64037224096421,0,False,True,False,True,False,True,False,False,False,False,False,False,False,False,False,True
0,0.3552341948472623,-0.9787286015064478,-0.5609748304808925,1,False,True,False,True,False,True,False,False,False,False,False,False,False,False,False,True
0,1.2245010492634345,-0.8828741679067217,-0.5609748304808925,1,False,True,False,False,False,True,False,False,False,False,False,False,False,False,False,True
0,-0.8541805591230643,-0.7841792430073967,-0.5609748304808925,1,False,True,False,True,False,True,False,False,False,False,False,False,False,False,False,True
1,-2.063595313093391,-0.5401781836878246,0.059159876663617626,0,False,True,False,True,True,False,False,False,False,False,False,False,False,True,False,False
0,0.2040573506009715,-0.1423794216910609,0.059159876663617626,0,False,True,False,True,False,True,False,False,False,False,False,False,False,False,False,True
0,-0.249473182137901,0.023546289947323752,-0.5609748304808925,1,False,True,False,False,False,True,False,False,False,False,False,False,False,False,False,True
1,-1.005357403369355,-0.8189865811572414,-0.5609748304808925,1,False,True,True,False,True,False,False,False,False,False,False,False,False,False,False,True
0,0.8087647275861348,0.5198636196706229,-0.5609748304808925,1,False,False,False,False,False,True,False,False,False,False,False,False,False,False,False,False
0,-0.40065002638419184,-0.9050797531497122,-0.5609748304808925,1,False,True,False,True,False,True,False,False,False,False,False,False,False,False,False,True
1,0.43082261697040775,0.1329851701219792,-0.5609748304808925,1,True,False,False,True,True,False,False,False,False,False,False,False,False,False,False,True
0,-0.5518268706304826,-0.8797405693934278,-0.5609748304808925,1,False,True,False,True,False,True,False,False,False,False,False,False,False,False,False,True
0,0.05288050635468065,-0.3336984726090336,-0.5609748304808925,1,True,False,False,True,False,True,False,False,False,False,False,False,False,False,False,True
0,-0.022707915768464766,-0.8189865811572414,0.059159876663617626,0,False,True,True,False,False,True,False,False,False,False,False,False,False,False,False,True
1,0.12846892847782607,1.834129231109428,0.059159876663617626,0,False,False,False,False,True,False,False,False,False,False,True,False,False,False,False,False
1,-0.1738847600147556,-0.798539974052802,-0.5609748304808925,1,False,True,False,True,True,False,False,False,False,False,False,False,False,False,False,True
0,0.9599415718324257,0.3819897971587497,0.059159876663617626,0,True,False,False,True,False,True,False,False,False,False,False,False,False,False,False,True
1,0.2040573506009715,1.4303920040723752,-0.5609748304808925,1,False,False,False,False,True,False,False,False,False,False,True,False,False,False,False,False
0,0.05288050635468065,-0.5368057694182641,-0.5609748304808925,1,True,False,False,True,False,True,False,False,False,False,False,False,False,False,False,True
0,-1.005357403369355,-0.7841792430073967,-0.5609748304808925,1,False,True,False,True,False,True,False,False,False,False,False,False,False,False,False,True
0,-0.1738847600147556,-0.3336984726090336,-0.5609748304808925,1,True,False,False,True,False,True,False,False,False,False,False,False,False,False,False,True
0,1.6402373709407343,-0.7841792430073967,-0.5609748304808925,1,False,True,False,True,False,True,False,False,False,False,False,False,False,False,False,True
0,-0.022707915768464766,-0.8019236166026618,-0.5609748304808925,1,False,True,False,True,False,True,False,False,False,False,False,False,False,False,False,True
0,0.657587883339844,1.5989745568795648,0.059159876663617626,0,False,False,False,True,False,True,False,False,False,True,False,False,False,False,False,False
0,-0.5518268706304826,-0.6455926003653025,-0.5609748304808925,1,False,True,False,True,False,True,False,False,False,False,False,False,False,False,False,True
0,-0.7785921369999189,-0.5368057694182641,-0.5609748304808925,1,True,False,False,True,False,True,False,False,False,False,False,False,False,False,False,True
0,-0.6652095038152008,-0.8797405693934278,-0.5609748304808925,1,False,True,False,True,False,True,False,False,False,False,False,False,False,False,False,True
0,-0.8541805591230643,-0.3336984726090336,-0.5609748304808925,1,True,False,False,True,False,True,False,False,False,False,False,False,False,False,False,True
1,-0.5518268706304826,0.32384119624754826,1.9195639980971482,0,False,True,False,True,True,False,False,False,False,False,False,False,False,False,False,True
1,0.43082261697040775,1.5221510751129648,0.059159876663617626,0,False,False,False,True,False,False,True,False,False,True,False,False,False,False,False,False
0,-0.022707915768464766,-0.8160407306065733,-0.5609748304808925,1,False,True,False,True,False,True,False,False,False,False,False,False,False,False,False,True
0,2.244944747925898,-0.29746598596845064,-0.5609748304808925,1,True,False,False,True,False,True,False,False,False,False,False,False,False,False,False,True
1,-1.8368300467239547,0.5322916934007406,3.1598334123861687,0,False,True,False,True,True,False,False,False,False,False,False,False,False,False,False,True
0,-0.40065002638419184,-0.5368057694182641,-0.5609748304808925,1,True,False,False,True,False,True,False,False,False,False,False,False,False,False,False,True
1,-0.5518268706304826,-0.8428609376877135,-0.5609748304808925,1,False,True,False,True,True,False,False,False,False,False,False,False,False,False,False,True
0,1.1111184160787164,0.3444394801955362,0.059159876663617626,0,True,False,False,True,False,True,False,False,False,False,False,False,False,False,False,True
1,-1.6100647803545185,0.35395586016517094,0.6792945838081278,0,True,False,False,True,True,False,False,False,False,False,False,False,False,False,False,True
0,-0.7785921369999189,-0.5368057694182641,-0.5609748304808925,1,True,False,False,True,False,True,False,False,False,False,False,False,False,False,False,True
0,0.2796457727241169,-0.3886024739916458,-0.5609748304808925,1,True,False,False,True,False,True,False,False,False,False,False,False,False,False,False,True
1,-0.5518268706304826,-0.23166125968823223,0.059159876663617626,0,False,True,False,False,True,False,False,False,False,False,False,False,False,False,False,True
1,-0.5518268706304826,-0.16405229962564447,0.059159876663617626,0,False,True,True,False,True,False,False,False,False,False,False,False,False,False,False,True
0,-0.022707915768464766,-0.5368057694182641,-0.5609748304808925,1,True,False,False,True,False,True,False,False,False,False,False,False,False,False,False,True
0,-0.5518268706304826,-0.8955045384601199,-0.5609748304808925,1,False,True,False,True,False,True,False,False,False,False,False,False,False,False,False,True
0,0.05288050635468065,-0.8828741679067217,-0.5609748304808925,1,False,True,False,False,False,True,False,False,False,False,False,False,False,False,False,True
0,1.1111184160787164,1.5989745568795648,0.6792945838081278,0,False,False,True,False,False,False,False,True,False,True,False,False,False,False,False,False
1,-0.3250616042610464,-0.8160407306065733,-0.5609748304808925,1,False,True,False,True,True,False,False,False,False,False,False,False,False,False,False,True
1,-0.40065002638419184,-0.2286058134653583,0.6792945838081278,0,True,False,False,True,False,False,True,False,False,False,False,False,False,False,False,True
0,0.5819994612166985,1.0515683442816504,0.6792945838081278,0,False,False,False,True,False,True,False,False,False,False,True,False,False,False,False,False
0,1.8670026373101707,0.3444394801955362,0.059159876663617626,0,True,False,False,True,False,False,False,True,False,False,False,False,False,False,False,True
0,-0.022707915768464766,-0.8797405693934278,-0.5609748304808925,1,False,True,False,True,False,True,False,False,False,False,False,False,False,False,False,True
1,-0.022707915768464766,-0.5401781836878246,0.6792945838081278,0,False,True,False,True,False,False,True,False,False,False,False,False,False,True,False,False
0,2.471710014295334,0.36526093570402607,-0.5609748304808925,1,False,False,False,True,False,True,False,False,False,True,False,False,False,False,False,False
0,0.05288050635468065,-0.12717266791993012,0.059159876663617626,0,False,True,False,True,False,True,False,False,False,False,False,False,False,False,False,True
1,0.8843531497092803,0.09534793704965058,0.6792945838081278,0,False,True,False,True,False,False,True,False,False,False,False,False,False,False,False,True
1,-0.022707915768464766,-0.1800831698720664,0.6792945838081278,0,False,True,False,False,False,False,True,False,False,False,False,False,False,False,False,True
1,0.43082261697040775,1.4685301291949246,-0.5609748304808925,1,False,False,False,False,False,False,True,False,False,False,False,False,False,False,False,True
1,0.05288050635468065,1.5584783893656837,-0.5609748304808925,1,False,False,False,True,True,False,False,False,True,False,False,False,False,False,False,False
1,0.43082261697040775,3.3852937438182273,-0.5609748304808925,1,False,False,False,False,True,False,False,False,False,False,False,False,False,False,False,True
1,1.564648948817589,0.3444394801955362,0.059159876663617626,0,True,False,False,True,False,False,True,False,False,False,False,False,False,False,False,True
0,-0.022707915768464766,-0.8189865811572414,-0.5609748304808925,1,False,True,True,False,False,True,False,False,False,False,False,False,False,False,False,True
0,-1.9880068909702455,0.5322916934007406,3.1598334123861687,0,False,True,False,True,False,False,False,False,False,False,False,False,False,False,False,True
0,1.7158257930638798,1.4743073772537167,0.6792945838081278,0,False,False,False,True,False,True,False,False,False,False,False,True,False,False,False,False
0,0.8087647275861348,-3.0585777291682934,-0.5609748304808925,1,False,False,False,True,False,True,False,False,True,False,False,False,False,False,False,False
1,-0.5518268706304826,-0.8189865811572414,-0.5609748304808925,1,False,True,True,False,True,False,False,False,False,False,False,False,False,False,False,True
0,0.5064110390935531,-0.5368057694182641,-0.5609748304808925,1,True,False,False,True,False,True,False,False,False,False,False,False,False,False,False,True
0,-1.005357403369355,0.7678594338107121,2.5396987052416584,0,False,True,False,True,False,True,False,False,False,False,False,False,False,False,False,True
0,-0.3250616042610464,-0.8160407306065733,0.059159876663617626,0,False,True,False,True,False,True,False,False,False,False,False,False,False,False,False,True
1,2.1693563258027524,2.14527242190355,0.059159876663617626,0,False,False,False,True,False,False,True,False,False,True,False,False,False,False,False,False
1,0.43082261697040775,2.0186331792044068,-0.5609748304808925,1,False,False,False,True,True,False,False,False,False,True,False,False,False,False,False,False
0,-0.022707915768464766,0.5198636196706229,-0.5609748304808925,1,False,False,False,True,False,True,False,False,False,False,False,False,False,False,False,True
0,-0.3250616042610464,-3.0585777291682934,-0.5609748304808925,1,False,True,False,True,False,True,False,False,False,False,False,False,False,False,False,True
1,0.8843531497092803,0.06007112543995847,0.059159876663617626,0,True,False,False,True,False,False,True,False,False,False,False,False,False,False,False,True
0,0.5819994612166985,0.4770416648490861,0.059159876663617626,0,False,False,False,False,False,True,False,False,False,True,False,False,False,False,False,False
1,-0.5518268706304826,-0.8189865811572414,-0.5609748304808925,1,False,True,True,False,True,False,False,False,False,False,False,False,False,False,False,True
1,2.5472984364184796,1.452419049919151,0.059159876663617626,0,False,False,False,True,True,False,False,False,False,False,True,False,False,False,False,False
1,1.186706838201862,-0.8189865811572414,-0.5609748304808925,1,False,True,False,True,True,False,False,False,False,False,False,False,False,False,False,True
0,-0.022707915768464766,-3.0585777291682934,-0.5609748304808925,1,True,False,False,True,False,True,False,False,False,False,False,False,False,False,False,True
0,-1.6856532024776638,0.457519539438721,2.5396987052416584,0,False,True,True,False,False,False,False,False,False,False,False,False,False,False,False,True
1,0.43082261697040775,0.0971716406458445,0.6792945838081278,0,False,True,False,True,False,False,True,False,False,False,False,False,False,False,False,True
0,2.6984752806647703,-0.8189865811572414,-0.5609748304808925,1,False,True,True,False,False,True,False,False,False,False,False,False,False,False,False,True
0,-0.09829633789161019,-0.806763380796033,-0.5609748304808925,1,False,True,False,True,False,True,False,False,False,False,False,False,False,False,False,True
0,-1.005357403369355,-0.6307359423566569,-0.5609748304808925,1,False,True,False,True,False,True,False,False,False,False,False,False,False,False,False,True
0,-0.7785921369999189,-0.7841792430073967,-0.5609748304808925,1,False,True,False,True,False,True,False,False,False,False,False,False,False,False,False,True
0,-0.022707915768464766,0.3444394801955362,-0.5609748304808925,1,False,False,False,True,False,True,False,False,False,False,False,False,False,False,False,False
0,0.2796457727241169,-0.7165619336211217,-0.5609748304808925,1,False,True,False,False,False,True,False,False,False,False,False,False,False,False,False,True
0,0.05288050635468065,-0.6307359423566569,-0.5609748304808925,1,False,True,False,True,False,True,False,False,False,False,False,False,False,False,False,True
0,-0.5518268706304826,-0.8019236166026618,-0.5609748304808925,1,False,True,False,True,False,True,False,False,False,False,False,False,False,False,False,True
0,0.9599415718324257,-0.3336984726090336,-0.5609748304808925,1,True,False,False,True,False,True,False,False,False,False,False,False,False,False,False,True
1,-0.5518268706304826,-0.8189865811572414,-0.5609748304808925,1,False,True,True,False,True,False,False,False,False,False,False,False,False,False,False,True
1,-0.249473182137901,1.464014258564117,-0.5609748304808925,1,False,False,False,True,True,False,False,False,False,False,False,False,False,False,False,True
1,-0.7785921369999189,1.6111475224786775,0.059159876663617626,0,False,False,False,False,False,False,True,False,True,False,False,False,False,False,False,False
0,0.5064110390935531,-0.3429588030007618,-0.5609748304808925,1,True,False,False,False,False,True,False,False,False,False,True,False,False,False,False,False
1,-0.40065002638419184,-0.6967178907118832,-0.5609748304808925,1,False,True,False,True,True,False,False,False,False,False,False,False,False,False,False,True
0,-0.40065002638419184,-0.8019236166026618,-0.5609748304808925,1,False,True,False,True,False,True,False,False,False,False,False,False,False,False,False,True
0,-0.022707915768464766,0.4082334475616762,-0.5609748304808925,1,False,False,False,False,False,True,False,False,False,False,False,False,False,False,False,True
0,-0.43844423744576455,-0.8823470582632056,-0.5609748304808925,1,False,True,False,False,False,True,False,False,False,False,False,False,False,False,False,True
1,-2.063595313093391,2.132408321022389,1.299429290952638,0,False,False,False,True,True,False,False,False,False,True,False,False,False,False,False,False
0,-0.022707915768464766,0.5036031274312862,-0.5609748304808925,1,False,False,False,True,False,True,False,False,False,True,False,False,False,False,False,False
1,1.564648948817589,2.6363132839087284,0.059159876663617626,0,False,False,False,False,False,False,True,False,True,False,False,False,False,False,False,False
1,-0.5518268706304826,-0.8189865811572414,-0.5609748304808925,1,False,True,True,False,True,False,False,False,False,False,False,False,False,False,False,True
0,-0.022707915768464766,0.23352593393921808,0.6792945838081278,0,False,True,True,False,False,True,False,False,False,False,False,False,False,False,False,True
0,-0.7785921369999189,-3.0585777291682934,-0.5609748304808925,1,False,True,False,True,False,True,False,False,False,False,False,False,False,False,False,True
1,-0.5518268706304826,-0.38278544498532663,-0.5609748304808925,1,True,False,True,False,True,False,False,False,False,False,False,True,False,False,False,False
0,-0.022707915768464766,-0.7841792430073967,-0.5609748304808925,1,False,True,False,True,False,True,False,False,False,False,False,False,False,False,False,True
0,-2.145230808986388,2.132408321022389,1.299429290952638,0,False,False,False,True,False,False,False,False,False,True,False,False,False,False,False,False
1,-0.5518268706304826,1.812289926928167,-0.5609748304808925,1,False,False,False,False,True,False,False,False,False,False,False,False,False,False,False,True
1,-0.9297689812462098,1.7938227894866787,0.059159876663617626,0,False,False,False,False,False,False,True,False,False,True,False,False,False,False,False,False
0,0.05288050635468065,0.26497567234198965,0.059159876663617626,0,True,False,False,False,False,True,False,False,False,False,False,False,False,False,False,True
1,0.05288050635468065,1.1326493972880125,-0.5609748304808925,1,False,False,False,False,True,False,False,False,False,False,False,True,False,False,False,False
1,-0.40065002638419184,1.5182728441543658,-0.5609748304808925,1,False,False,False,False,True,False,False,False,False,True,False,False,False,False,False,False
1,-0.8541805591230643,2.6962534687059603,1.9195639980971482,0,False,False,False,False,True,False,False,False,True,False,False,False,False,False,False,False
1,-0.249473182137901,0.3444394801955362,0.6792945838081278,0,True,False,False,True,False,False,True,False,False,False,False,False,False,False,False,True
0,-0.09829633789161019,-0.8019236166026618,-0.5609748304808925,1,False,True,False,True,False,True,False,False,False,False,False,False,False,False,False,True
0,1.035529993955571,0.35395586016517094,0.6792945838081278,0,True,False,False,True,False,True,False,False,False,False,False,False,False,False,False,True
1,-0.249473182137901,-0.806763380796033,-0.5609748304808925,1,False,True,False,True,True,False,False,False,False,False,False,False,False,False,False,True
1,-0.40065002638419184,0.3444394801955362,0.059159876663617626,0,True,False,False,True,False,False,True,False,False,False,False,False,False,False,False,True
0,1.8670026373101707,-0.2624619586252086,-0.5609748304808925,1,True,False,False,True,False,False,False,True,False,False,False,False,False,False,False,True
1,0.12846892847782607,2.218822021910339,0.6792945838081278,0,False,False,False,True,True,False,False,False,False,True,False,False,False,False,False,False
1,0.8087647275861348,2.010033264475824,0.6792945838081278,0,False,False,False,False,False,False,True,False,False,False,False,True,False,False,False,False
0,-0.5518268706304826,-0.8797405693934278,-0.5609748304808925,1,False,True,False,True,False,True,False,False,False,False,False,False,False,False,False,True
0,-0.1738847600147556,-0.8019236166026618,-0.5609748304808925,1,False,True,False,True,False,True,False,False,False,False,False,False,False,False,False,True
1,0.05288050635468065,-0.38278544498532663,-0.5609748304808925,1,True,False,True,False,True,False,False,False,False,False,False,False,False,False,False,True
1,-0.5518268706304826,0.4532263111425748,0.6792945838081278,0,True,False,False,True,False,False,True,False,False,False,False,False,False,False,False,True
0,-0.022707915768464766,1.3361591794576348,5.64037224096421,0,False,True,False,True,False,True,False,False,False,False,False,False,False,False,False,True
1,0.5064110390935531,2.0186331792044068,-0.5609748304808925,1,False,False,False,False,True,False,False,False,False,True,False,False,False,False,False,False
0,2.3961215921721886,-1.0149359989180027,-0.5609748304808925,1,False,True,False,True,False,True,False,False,False,False,False,False,False,False,False,True
1,0.5064110390935531,-0.3336984726090336,-0.5609748304808925,1,True,False,False,True,False,False,True,False,False,False,True,False,False,False,False,False
1,0.12846892847782607,0.11044794172866994,0.6792945838081278,0,False,True,False,True,False,False,True,False,False,False,False,False,False,False,False,True
1,-1.005357403369355,1.1511968252901217,0.059159876663617626,0,False,False,False,False,True,False,False,False,True,False,False,False,False,False,False,False
1,-0.5518268706304826,0.23352593393921808,0.6792945838081278,0,False,True,True,False,True,False,False,False,False,False,False,False,False,False,False,True
0,1.2245010492634345,0.4358726267231761,-0.5609748304808925,1,False,False,False,True,False,True,False,False,False,True,False,False,False,False,False,False
0,0.657587883339844,2.14527242190355,0.059159876663617626,0,False,False,False,True,False,True,False,False,False,True,False,False,False,False,False,False
0,-1.005357403369355,-0.01838583697289204,0.6792945838081278,0,False,True,False,True,False,True,False,False,False,False,False,False,False,False,False,True
1,0.43082261697040775,2.003535801391161,0.059159876663617626,0,False,False,False,True,False,False,True,False,False,False,False,False,False,False,False,True
0,-0.022707915768464766,-0.8019236166026618,-0.5609748304808925,1,False,True,False,True,False,True,False,False,False,False,False,False,False,False,False,True
0,-0.022707915768464766,1.2920564383571118,0.059159876663617626,0,False,False,False,True,False,True,False,False,False,True,False,False,False,False,False,False
1,0.8843531497092803,2.010033264475824,-0.5609748304808925,1,False,False,False,False,True,False,False,False,False,False,False,True,False,False,False,False
0,1.186706838201862,-0.7841792430073967,-0.5609748304808925,1,False,True,False,True,False,True,False,False,False,False,False,False,False,False,False,True
0,1.186706838201862,0.6557188297748954,-0.5609748304808925,1,False,False,False,True,False,True,False,False,False,False,False,False,False,False,True,False
0,-2.063595313093391,0.3444394801955362,0.6792945838081278,0,True,False,False,True,False,False,False,False,False,False,False,False,True,False,False,False
1,-0.40065002638419184,2.6987007794454887,2.5396987052416584,0,False,False,False,True,True,False,False,False,False,True,False,False,False,False,False,False
0,-0.09829633789161019,-0.3336984726090336,-0.5609748304808925,1,True,False,False,True,False,True,False,False,False,False,False,False,False,False,False,True
0,-0.3250616042610464,-0.3336984726090336,-0.5609748304808925,1,True,False,False,True,False,True,False,False,False,False,False,False,False,False,False,True
0,0.5064110390935531,-0.3336984726090336,-0.5609748304808925,1,True,False,False,True,False,True,False,False,False,False,False,False,False,False,False,True
1,-0.40065002638419184,-0.3336984726090336,-0.5609748304808925,1,True,False,False,True,True,False,False,False,False,False,False,False,True,False,False,False
1,0.8087647275861348,-0.3336984726090336,-0.5609748304808925,1,True,False,False,True,True,False,False,False,False,False,False,False,False,False,False,True
1,0.43082261697040775,-0.12717266791993012,0.059159876663617626,0,False,True,False,True,False,False,True,False,False,False,False,False,False,False,False,True
0,-1.9880068909702455,-0.13932010117845442,0.6792945838081278,0,False,True,False,True,False,False,False,False,False,False,False,False,False,False,False,True
0,0.9599415718324257,-0.7165619336211217,-0.5609748304808925,1,False,True,False,True,False,True,False,False,False,False,False,False,False,False,False,True
0,-0.47623844850733726,-0.658138561741074,-0.5609748304808925,1,False,True,False,True,False,True,False,False,False,False,False,False,False,False,False,True
0,-0.022707915768464766,0.6414769499431594,-0.5609748304808925,1,False,False,False,True,False,True,False,False,False,True,False,False,False,False,False,False
0,-1.0809458254925006,-0.8823470582632056,0.6792945838081278,0,False,True,False,False,False,True,False,False,False,False,False,False,False,False,False,True
0,-0.3250616042610464,-0.029312075627065143,0.059159876663617626,0,False,True,False,True,False,True,False,False,False,False,False,False,False,False,False,True
0,-0.022707915768464766,-0.8828741679067217,-0.5609748304808925,1,False,True,False,False,False,True,False,False,False,False,False,False,False,False,False,True
0,-0.09829633789161019,-0.6307359423566569,-0.5609748304808925,1,False,True,False,True,False,True,False,False,False,False,False,False,False,False,False,True
1,-0.5518268706304826,1.0976780669265336,0.059159876663617626,0,False,False,False,True,True,False,False,False,False,False,False,True,False,False,False,False
1,0.657587883339844,-0.3336984726090336,-0.5609748304808925,1,True,False,False,True,True,False,False,False,False,False,False,False,False,False,False,True
1,-0.5518268706304826,-0.8038521494426432,-0.5609748304808925,1,False,True,True,False,True,False,False,False,False,False,False,False,False,False,False,True
1,-0.5518268706304826,-0.8038521494426432,-0.5609748304808925,1,False,True,True,False,True,False,False,False,False,False,False,False,False,False,False,True
0,0.8087647275861348,0.4146557174979072,2.5396987052416584,0,False,True,False,True,False,True,False,False,False,False,False,False,False,False,False,True
0,-0.022707915768464766,0.4082334475616762,0.059159876663617626,0,True,False,False,False,False,True,False,False,False,False,False,False,False,False,False,True
1,1.186706838201862,-0.23166125968823223,0.059159876663617626,0,False,True,False,False,False,False,True,False,False,False,False,False,False,False,False,True
0,0.43082261697040775,-0.9050797531497122,-0.5609748304808925,1,False,True,False,True,False,True,False,False,False,False,False,False,False,False,False,True
0,-0.022707915768464766,-0.16405229962564447,0.059159876663617626,0,False,True,True,False,False,True,False,False,False,False,False,False,False,False,False,True
0,0.05288050635468065,-0.8797405693934278,-0.5609748304808925,1,False,True,False,True,False,True,False,False,False,False,False,False,False,False,False,True
1,2.320533170049043,1.4163815756188534,0.059159876663617626,0,False,False,False,False,False,False,True,False,False,False,True,False,False,False,False,False
1,0.43082261697040775,-0.8823470582632056,-0.5609748304808925,1,False,True,False,False,False,False,True,False,False,False,False,False,False,False,False,True
1,-0.5518268706304826,-0.8189865811572414,-0.5609748304808925,1,False,True,True,False,True,False,False,False,False,False,False,False,False,False,False,True
1,-0.40065002638419184,1.3324938581871215,-0.5609748304808925,1,False,False,False,False,False,False,True,False,True,False,False,False,False,False,False,False
0,-0.3250616042610464,1.1057901177672143,0.059159876663617626,0,False,False,False,False,False,True,False,False,False,False,False,True,False,False,False,False
0,-0.8541805591230643,-0.9787286015064478,0.059159876663617626,0,False,True,False,True,False,True,False,False,False,False,False,False,False,False,False,True
0,-0.7785921369999189,-0.7841792430073967,-0.5609748304808925,1,False,True,False,True,False,True,False,False,False,False,False,False,False,False,False,True
0,-0.5518268706304826,2.0186331792044068,-0.5609748304808925,1,False,False,False,False,False,True,False,False,False,False,False,False,False,False,False,True
1,-1.9880068909702455,0.1364991380659541,1.9195639980971482,0,False,True,False,True,True,False,False,False,False,False,False,False,False,False,False,True
1,0.43082261697040775,1.5060857797883969,0.059159876663617626,0,False,False,False,False,False,False,True,False,False,False,False,False,False,False,False,True
1,-0.5518268706304826,-0.8797405693934278,-0.5609748304808925,1,False,True,False,True,True,False,False,False,False,False,False,False,False,False,False,True
0,-0.1738847600147556,2.4746366111687697,0.6792945838081278,0,False,False,False,False,False,True,False,False,False,True,False,False,False,False,False,False
0,-0.7030037148767735,-1.3942229498762084,-0.5609748304808925,1,False,True,False,False,False,True,False,False,False,False,False,False,False,False,False,True
0,-0.7785921369999189,-0.8160407306065733,-0.5609748304808925,1,False,True,False,True,False,True,False,False,False,False,False,False,False,False,False,True
1,0.9599415718324257,2.5497045522452972,-0.5609748304808925,1,False,False,False,False,True,False,False,False,False,False,False,False,False,False,False,True
1,-2.1391837352165366,-0.14903715526900022,0.6792945838081278,0,False,True,False,False,True,False,False,False,False,False,False,False,False,False,False,True
0,0.2040573506009715,-0.798539974052802,-0.5609748304808925,1,False,True,False,True,False,True,False,False,False,False,False,False,False,False,False,True
1,0.43082261697040775,1.0408277503255374,0.059159876663617626,0,False,False,False,True,False,False,True,False,False,False,False,False,False,False,False,True
0,-0.022707915768464766,-0.8019236166026618,-0.5609748304808925,1,False,True,False,True,False,True,False,False,False,False,False,False,False,False,False,True
0,-0.8541805591230643,1.3924082286355355,-0.5609748304808925,1,True,False,False,True,False,True,False,False,False,False,False,False,False,False,False,True
0,-2.1391837352165366,0.936361092700485,3.779968119530679,0,False,True,False,True,False,False,False,False,False,False,False,False,False,False,False,True
1,0.5064110390935531,-0.3336984726090336,-0.5609748304808925,1,True,False,False,True,True,False,False,False,False,False,False,False,False,False,False,True
0,-0.022707915768464766,-0.8214439504217126,-0.5609748304808925,1,False,True,True,False,False,True,False,False,False,False,False,False,False,False,False,True
1,-0.9297689812462098,-0.4102164299119116,-0.5609748304808925,1,True,False,False,False,True,False,False,False,False,False,False,False,False,False,False,True
0,0.5064110390935531,1.8931715298766851,1.299429290952638,0,False,False,False,True,False,True,False,False,True,False,False,False,False,False,False,False
0,-0.6274152927536281,-0.8135961720983267,-0.5609748304808925,1,False,True,False,True,False,True,False,False,False,False,False,False,False,False,False,True
0,-0.09829633789161019,-0.798539974052802,0.6792945838081278,0,False,True,False,True,False,True,False,False,False,False,False,False,False,False,False,True
1,-0.47623844850733726,1.834129231109428,0.059159876663617626,0,False,False,False,False,True,False,False,False,False,False,True,False,False,False,False,False
1,-0.40065002638419184,-0.09156500424402261,0.6792945838081278,0,False,True,False,True,False,False,True,False,False,False,False,False,False,True,False,False
0,-0.5518268706304826,-0.8135961720983267,-0.5609748304808925,1,False,True,False,True,False,True,False,False,False,False,False,False,False,False,False,True
1,0.12846892847782607,-0.806763380796033,-0.5609748304808925,1,False,True,False,True,True,False,False,False,False,False,False,False,False,False,False,True
0,1.2622952603250073,0.3444394801955362,-0.5609748304808925,1,True,False,False,True,False,True,False,False,False,False,False,False,False,False,False,True
0,-0.47623844850733726,-0.5368057694182641,-0.5609748304808925,1,True,False,False,True,False,False,False,True,False,False,False,False,False,False,False,True
1,-0.09829633789161019,-0.35983961362319966,-0.5609748304808925,1,True,False,False,True,False,False,True,False,False,False,False,False,False,False,False,True
0,0.7331763054629894,-0.798539974052802,-0.5609748304808925,1,False,True,False,True,False,True,False,False,False,False,False,False,False,False,False,True
0,-0.249473182137901,-0.7841792430073967,-0.5609748304808925,1,False,True,False,True,False,True,False,False,False,False,False,False,False,False,False,True
1,-0.6274152927536281,-0.5992616204389827,0.059159876663617626,0,False,True,False,True,True,False,False,False,False,False,False,False,False,False,False,True
0,-0.09829633789161019,-0.1423794216910609,0.059159876663617626,0,False,True,False,True,False,True,False,False,False,False,False,False,False,False,False,True
1,-0.7030037148767735,-0.7165619336211217,-0.5609748304808925,1,False,True,False,True,True,False,False,False,False,False,False,False,False,False,False,True
0,0.3552341948472623,0.1329851701219792,0.059159876663617626,0,True,False,False,True,False,True,False,False,False,False,False,False,False,False,False,True
0,1.6402373709407343,-0.8189865811572414,-0.5609748304808925,1,False,True,False,True,False,True,False,False,False,False,False,False,False,False,False,True
0,-1.9880068909702455,0.021587667954472933,0.6792945838081278,0,True,False,False,True,False,False,False,False,False,False,False,False,False,False,False,True
0,-0.6274152927536281,-0.8160407306065733,-0.5609748304808925,1,False,True,False,True,False,True,False,False,False,False,False,False,False,False,False,True
1,-0.5518268706304826,0.32384119624754826,1.9195639980971482,0,False,True,False,True,True,False,False,False,False,False,False,False,False,False,False,True
0,-0.022707915768464766,-0.8019236166026618,-0.5609748304808925,1,False,True,False,True,False,True,False,False,False,False,False,False,False,False,False,True
0,-0.022707915768464766,-0.9299653348541039,-0.5609748304808925,1,False,True,True,False,False,True,False,False,False,False,False,False,False,False,False,True
1,0.2796457727241169,1.5989745568795648,0.059159876663617626,0,False,False,True,False,True,False,False,False,False,True,False,False,False,False,False,False
0,-0.022707915768464766,-3.0585777291682934,-0.5609748304808925,1,True,False,False,True,False,True,False,False,False,False,False,False,False,False,False,True
0,1.1111184160787164,-0.798539974052802,-0.5609748304808925,1,False,True,False,True,False,True,False,False,False,False,False,False,False,False,False,True
1,0.43082261697040775,-0.7841792430073967,-0.5609748304808925,1,False,True,False,True,False,False,True,False,False,False,False,False,False,False,False,True
1,0.3552341948472623,0.5671628780396996,0.6792945838081278,0,True,False,False,True,False,False,True,False,False,False,False,False,False,False,False,True
1,-0.8541805591230643,-0.3336984726090336,0.6792945838081278,0,True,False,False,True,True,False,False,False,False,False,False,False,False,False,False,True
0,0.05288050635468065,-0.3336984726090336,-0.5609748304808925,1,True,False,False,True,False,True,False,False,False,False,False,False,False,False,False,True
1,-1.4588879361082276,0.2711522804976662,0.6792945838081278,0,False,True,False,True,True,False,False,False,False,False,False,False,False,False,False,True
0,-0.022707915768464766,-0.8019236166026618,-0.5609748304808925,1,False,True,False,False,False,True,False,False,False,False,False,False,False,False,False,True
0,-0.6274152927536281,-0.8209591021193487,-0.5609748304808925,1,False,True,True,False,False,True,False,False,False,False,False,False,False,False,False,True
0,-0.022707915768464766,-0.804340663003928,-0.5609748304808925,1,False,True,False,True,False,True,False,False,False,False,False,False,False,False,False,True
1,-0.09829633789161019,-0.23528881360946907,0.6792945838081278,0,False,True,False,True,False,False,True,False,False,False,False,False,False,False,False,True
0,-0.8541805591230643,0.09534793704965058,0.6792945838081278,0,False,True,False,True,False,True,False,False,False,False,False,False,False,False,False,True
0,-0.022707915768464766,-0.8797405693934278,-0.5609748304808925,1,False,True,False,True,False,True,False,False,False,False,False,False,False,False,False,True
1,-0.09829633789161019,0.3444394801955362,0.059159876663617626,0,True,False,False,True,False,False,True,False,False,False,False,False,False,False,False,True
1,-0.7785921369999189,0.3444394801955362,-0.5609748304808925,1,True,False,False,True,True,False,False,False,False,False,False,False,False,False,False,True
0,-0.022707915768464766,-0.8189865811572414,-0.5609748304808925,1,False,True,True,False,False,True,False,False,False,False,False,False,False,False,False,True
0,0.2040573506009715,-0.7841792430073967,-0.5609748304808925,1,False,True,False,True,False,True,False,False,False,False,False,True,False,False,False,False
0,-0.09829633789161019,0.36526093570402607,-0.5609748304808925,1,False,False,False,True,False,True,False,False,False,True,False,False,False,False,False,False
1,0.43082261697040775,-0.12717266791993012,0.059159876663617626,0,False,True,False,True,False,False,True,False,False,False,False,False,False,False,False,True
1,0.9599415718324257,0.3444394801955362,0.059159876663617626,0,True,False,False,True,False,False,True,False,False,False,False,False,False,False,False,True
0,-0.9297689812462098,-0.8955045384601199,-0.5609748304808925,1,False,True,False,True,False,True,False,False,False,False,False,False,False,False,False,True
0,1.564648948817589,1.1141402035210881,0.059159876663617626,0,False,False,False,True,False,True,False,False,False,False,False,True,False,False,False,False
1,-1.156534247615646,1.8931715298766851,1.299429290952638,0,False,False,False,True,True,False,False,False,True,False,False,False,False,False,False,False
1,-0.6274152927536281,0.6233938271906204,1.9195639980971482,0,False,True,False,True,True,False,False,False,False,False,False,False,False,False,False,True
1,-0.40065002638419184,0.021587667954472933,2.5396987052416584,0,True,False,False,True,False,False,True,False,False,False,False,False,False,False,False,True
0,2.622886858541625,2.6987007794454887,2.5396987052416584,0,False,False,False,True,False,True,False,False,False,True,False,False,False,False,False,False
0,0.12846892847782607,-0.5368057694182641,-0.5609748304808925,1,True,False,False,True,False,True,False,False,False,False,False,False,False,False,False,True
1,1.186706838201862,0.35395586016517094,0.6792945838081278,0,True,False,False,True,False,False,True,False,False,False,False,False,False,False,False,True
0,-0.7030037148767735,-0.6307359423566569,-0.5609748304808925,1,False,True,False,True,False,True,False,False,False,False,False,False,False,False,False,True
0,-0.3250616042610464,-0.8160407306065733,0.059159876663617626,0,False,True,False,True,False,True,False,False,False,False,False,False,False,False,False,True
1,-0.09829633789161019,-0.3336984726090336,-0.5609748304808925,1,True,False,False,True,True,False,False,False,False,False,False,False,False,False,False,True
0,-0.022707915768464766,-0.7770730902669089,-0.5609748304808925,1,False,True,False,True,False,True,False,False,False,False,False,False,False,False,False,True
0,-1.9124184688471002,1.5021989568725875,0.6792945838081278,0,False,False,False,True,False,False,False,False,False,False,False,False,False,False,False,False
1,-1.2321226697387915,0.06007112543995847,0.059159876663617626,0,True,False,False,True,True,False,False,False,False,False,False,False,False,False,False,True
0,0.3552341948472623,0.36526093570402607,-0.5609748304808925,1,False,False,False,True,False,True,False,False,False,False,False,False,False,False,False,True
1,-1.8368300467239547,0.047825129435189045,1.299429290952638,0,False,True,False,False,True,False,False,False,False,False,False,False,False,False,False,True
0,1.7158257930638798,0.5036031274312862,-0.5609748304808925,1,False,False,False,True,False,False,False,True,False,True,False,False,False,False,False,False
0,0.5064110390935531,0.40928266156909443,1.299429290952638,0,True,False,False,True,False,True,False,False,False,False,False,False,False,False,False,True
0,-0.022707915768464766,0.0833137463231359,0.059159876663617626,0,False,True,False,True,False,True,False,False,False,False,False,False,False,False,False,True
0,0.05288050635468065,0.40928266156909443,-0.5609748304808925,1,False,False,False,False,False,True,False,False,False,True,False,False,False,False,False,False
0,1.4890605266944434,1.588760118059578,0.059159876663617626,0,False,False,False,False,False,True,False,False,False,True,False,False,False,False,False,False
0,-0.022707915768464766,-0.7841792430073967,-0.5609748304808925,1,False,True,False,True,False,True,False,False,False,False,False,False,False,False,False,True
0,-0.022707915768464766,-0.8019236166026618,-0.5609748304808925,1,False,True,False,False,False,True,False,False,False,False,False,False,False,False,False,True
0,2.6984752806647703,0.36526093570402607,-0.5609748304808925,1,False,False,False,True,False,True,False,False,False,False,False,True,False,False,False,False
1,0.43082261697040775,1.038145562232327,0.059159876663617626,0,False,False,False,True,False,False,True,False,False,False,True,False,False,False,False,False
1,1.564648948817589,-0.5368057694182641,-0.5609748304808925,1,True,False,False,True,True,False,False,False,False,False,False,False,False,False,False,True
0,-0.022707915768464766,-0.8189865811572414,-0.5609748304808925,1,False,True,True,False,False,True,False,False,False,False,False,False,False,False,False,True
0,1.4134721045712981,0.36526093570402607,-0.5609748304808925,1,False,False,False,True,False,True,False,False,False,False,False,True,False,False,False,False
0,0.3552341948472623,-0.7841792430073967,-0.5609748304808925,1,False,True,False,True,False,True,False,False,False,False,False,False,False,False,False,True
0,1.3378836824481528,0.7372759377222563,-0.5609748304808925,1,False,False,False,True,False,True,False,False,False,False,False,True,False,False,False,False
0,1.4134721045712981,-0.3336984726090336,-0.5609748304808925,1,True,False,False,True,False,True,False,False,False,False,False,False,False,False,False,True
0,-0.022707915768464766,-0.7841792430073967,-0.5609748304808925,1,False,True,False,True,False,True,False,False,False,False,False,False,False,False,False,True
0,0.657587883339844,-0.9050797531497122,-0.5609748304808925,1,False,True,False,True,False,True,False,False,False,False,False,False,False,False,False,True
0,-0.022707915768464766,-3.0585777291682934,-0.5609748304808925,1,True,False,False,True,False,True,False,False,False,False,False,False,False,False,False,True
0,2.0181794815564613,0.36526093570402607,-0.5609748304808925,1,False,False,False,True,False,True,False,False,False,False,False,False,False,False,False,True
0,-0.022707915768464766,-0.8219408604763344,-0.5609748304808925,1,False,True,True,False,False,True,False,False,False,False,False,False,False,False,False,True
1,-2.158080840747323,0.047825129435189045,1.299429290952638,0,False,True,False,False,True,False,False,False,False,False,False,False,False,False,False,True
0,-0.022707915768464766,-0.8797405693934278,-0.5609748304808925,1,False,True,False,True,False,True,False,False,False,False,False,False,False,False,False,True
0,0.657587883339844,-0.7165619336211217,-0.5609748304808925,1,False,True,False,True,False,True,False,False,False,False,False,False,False,False,False,True
1,0.2796457727241169,0.40928266156909443,1.299429290952638,0,True,False,False,True,False,False,True,False,False,False,False,False,False,False,False,True
1,-0.47623844850733726,-0.2769007052339032,-0.5609748304808925,1,True,False,False,False,False,False,True,False,False,False,True,False,False,False,False,False
1,-0.5518268706304826,-0.5980700220174994,-0.5609748304808925,1,False,True,False,True,True,False,False,False,False,False,False,False,False,False,False,True
0,-0.022707915768464766,1.0408277503255374,-0.5609748304808925,1,False,False,False,True,False,True,False,False,False,False,False,False,False,False,False,False
0,0.3552341948472623,0.1329851701219792,0.059159876663617626,0,True,False,False,True,False,True,False,False,False,False,False,False,False,False,False,True
0,-0.022707915768464766,-0.9056185997745971,0.059159876663617626,0,False,True,False,True,False,True,False,False,False,False,False,False,False,False,False,True
0,-0.5518268706304826,-0.8463932397472813,-0.5609748304808925,1,False,True,False,True,False,True,False,False,False,False,False,False,False,False,False,True
1,-2.063595313093391,-0.38763069046803694,0.059159876663617626,0,False,True,False,True,True,False,False,False,False,False,False,False,False,False,False,True
0,-1.5344763582313732,0.936361092700485,3.779968119530679,0,False,True,False,True,False,False,False,False,False,False,False,False,False,False,False,True
0,-0.022707915768464766,-3.0585777291682934,-0.5609748304808925,1,True,False,False,True,False,True,False,False,False,False,False,False,False,False,False,True
0,1.564648948817589,-0.7841792430073967,-0.5609748304808925,1,False,True,False,True,False,True,False,False,False,False,False,False,False,False,False,True
1,2.5472984364184796,-0.6221672631581132,-0.5609748304808925,1,False,True,False,True,False,False,True,False,False,False,False,False,False,False,False,True
0,-0.3250616042610464,1.6111475224786775,0.059159876663617626,0,False,False,False,False,False,True,False,False,True,False,False,False,False,False,False,False
1,-0.5518268706304826,0.32384119624754826,1.9195639980971482,0,False,True,False,True,True,False,False,False,False,False,False,False,False,False,False,True
1,0.43082261697040775,1.5989745568795648,0.059159876663617626,0,False,False,False,True,False,False,True,False,False,True,False,False,False,False,False,False
0,2.1693563258027524,0.4770416648490861,-0.5609748304808925,1,False,False,False,False,False,True,False,False,True,False,False,False,False,False,False,False
0,0.05288050635468065,-0.7841792430073967,-0.5609748304808925,1,False,True,False,True,False,True,False,False,False,False,False,False,False,False,False,True
0,-1.5344763582313732,-0.13932010117845442,0.6792945838081278,0,False,True,False,True,False,False,False,False,False,False,False,False,False,False,False,True
0,-0.022707915768464766,0.0833137463231359,0.059159876663617626,0,False,True,False,True,False,True,False,False,False,False,False,False,False,False,False,True
0,-0.6274152927536281,-0.8797405693934278,-0.5609748304808925,1,False,True,False,True,False,True,False,False,False,False,False,False,False,False,False,True
0,1.942591059433316,0.5036031274312862,-0.5609748304808925,1,False,False,False,True,False,True,False,False,False,True,False,False,False,False,False,False
0,3.152005813403643,0.9910237262754293,-0.5609748304808925,1,False,False,False,False,False,True,False,False,False,False,False,False,False,False,False,True
0,-0.6274152927536281,-0.7841792430073967,-0.5609748304808925,1,False,True,False,True,False,True,False,False,False,False,False,False,False,False,False,True
0,-0.022707915768464766,-0.23138736843472296,-0.5609748304808925,1,False,True,False,False,False,True,False,False,False,False,False,False,False,False,False,True
1,1.8670026373101707,1.4564440718289613,0.059159876663617626,0,False,False,False,False,True,False,False,False,False,False,True,False,False,False,False,False
0,-0.022707915768464766,-0.1893914833819289,-0.5609748304808925,1,False,True,False,True,False,True,False,False,False,False,False,False,False,False,False,True
1,-0.3250616042610464,2.132408321022389,1.299429290952638,0,False,False,False,True,False,False,True,False,False,True,False,False,False,False,False,False
0,-0.40065002638419184,-0.8135961720983267,-0.5609748304808925,1,False,True,False,True,False,True,False,False,False,False,False,False,False,False,False,True
0,-0.9297689812462098,-0.7165619336211217,-0.5609748304808925,1,False,True,False,True,False,True,False,False,False,False,False,False,False,False,False,True
1,-0.6274152927536281,-0.8189865811572414,-0.5609748304808925,1,False,True,True,False,True,False,False,False,False,False,False,False,False,False,False,True
1,-0.5518268706304826,-0.8333405692374476,-0.5609748304808925,1,False,True,True,False,True,False,False,False,False,False,False,False,False,False,False,True
1,0.5819994612166985,-0.6221672631581132,-0.5609748304808925,1,False,True,False,True,True,False,False,False,False,False,False,False,False,False,False,True
1,-1.005357403369355,1.5584783893656837,-0.5609748304808925,1,False,False,False,True,True,False,False,False,True,False,False,False,False,False,False,False
0,-0.8541805591230643,1.7938227894866787,0.059159876663617626,0,False,False,False,False,False,True,False,False,False,True,False,False,False,False,False,False
1,0.2796457727241169,0.3444394801955362,0.6792945838081278,0,True,False,False,True,False,False,True,False,False,False,False,False,False,False,False,True
0,-0.022707915768464766,0.36526093570402607,-0.5609748304808925,1,False,False,False,True,False,True,False,False,False,False,False,False,False,False,False,True
0,-0.09829633789161019,0.20218592718197398,-0.5609748304808925,1,False,True,False,True,False,True,False,False,False,False,False,False,False,False,False,True
0,-0.249473182137901,1.1248955097361604,-0.5609748304808925,1,False,True,False,True,False,True,False,False,False,False,False,False,False,False,False,True
0,-0.022707915768464766,-0.8189865811572414,-0.5609748304808925,1,False,True,True,False,False,True,False,False,False,False,False,False,False,False,False,True
0,-0.022707915768464766,-0.7841792430073967,-0.5609748304808925,1,False,True,False,True,False,True,False,False,False,False,False,False,False,False,False,True
0,0.5064110390935531,0.3553757823476229,-0.5609748304808925,1,False,False,False,True,False,True,False,False,False,False,False,True,False,False,False,False
1,1.8670026373101707,1.1757752036108362,0.059159876663617626,0,False,False,False,False,False,False,True,False,False,False,False,False,False,False,False,True
0,-0.40065002638419184,-0.8494271027413144,-0.5609748304808925,1,False,True,False,True,False,True,False,False,False,False,False,False,False,False,False,True
0,1.3378836824481528,0.6130033879569109,-0.5609748304808925,1,False,False,False,True,False,True,False,False,False,False,True,False,False,False,False,False
1,0.3552341948472623,-0.5368057694182641,-0.5609748304808925,1,True,False,False,True,False,False,True,False,False,False,False,False,True,False,False,False
0,-0.022707915768464766,0.2711522804976662,-0.5609748304808925,1,False,True,True,False,False,True,False,False,False,False,False,False,False,False,False,True
1,0.5064110390935531,0.3444394801955362,0.059159876663617626,0,True,False,False,True,False,False,True,False,False,False,False,False,False,False,False,True
0,0.2040573506009715,-0.8019236166026618,-0.5609748304808925,1,False,True,False,True,False,True,False,False,False,False,False,False,False,False,False,True
1,0.05288050635468065,1.6379421972192298,-0.5609748304808925,1,False,False,False,True,True,False,False,False,True,False,False,False,False,False,False,False
0,-0.5518268706304826,-0.8019236166026618,-0.5609748304808925,1,False,True,False,True,False,True,False,False,False,False,False,False,False,False,False,True
0,-0.022707915768464766,-0.8828741679067217,-0.5609748304808925,1,False,True,False,False,False,True,False,False,False,False,False,False,False,False,False,True
1,1.1111184160787164,1.1511968252901217,0.059159876663617626,0,False,False,False,False,False,False,True,False,True,False,False,False,False,False,False,False
0,-0.022707915768464766,-0.8823470582632056,-0.5609748304808925,1,False,True,False,False,False,True,False,False,False,False,False,False,False,False,False,True
0,0.8465589386477075,-0.8189865811572414,-0.5609748304808925,1,False,True,True,False,False,True,False,False,False,False,False,False,False,False,False,True
1,1.564648948817589,-0.5368057694182641,-0.5609748304808925,1,True,False,False,True,True,False,False,False,False,False,False,False,False,False,False,True
0,-0.022707915768464766,2.523411982756633,-0.5609748304808925,1,False,False,False,True,False,True,False,False,False,True,False,False,False,False,False,False
0,0.7331763054629894,-0.798539974052802,-0.5609748304808925,1,False,True,False,True,False,True,False,False,False,False,False,False,False,False,False,True
0,-0.47623844850733726,-0.4507125974257932,1.299429290952638,0,True,False,False,True,False,True,False,False,False,False,False,False,False,False,False,True
1,-2.063595313093391,0.3444394801955362,0.6792945838081278,0,True,False,False,True,True,False,False,False,False,False,False,False,False,False,False,True
0,-0.022707915768464766,-0.8823470582632056,-0.5609748304808925,1,False,True,False,False,False,True,False,False,False,False,False,False,False,False,False,True
0,-0.9297689812462098,-0.8823470582632056,0.6792945838081278,0,False,True,False,False,False,True,False,False,False,False,False,False,False,False,False,True
1,0.43082261697040775,0.19484336402527688,0.6792945838081278,0,False,True,False,False,False,False,True,False,False,False,False,False,False,False,False,True
1,0.05288050635468065,-0.7165619336211217,-0.5609748304808925,1,False,True,False,True,True,False,False,False,False,False,False,False,False,False,False,True
1,-1.6856532024776638,0.35395586016517094,0.6792945838081278,0,True,False,False,True,True,False,False,False,False,False,False,False,False,False,False,True
0,1.186706838201862,0.36526093570402607,-0.5609748304808925,1,False,False,False,True,False,False,False,True,True,False,False,False,False,False,False,False
1,0.05288050635468065,1.7703041212742283,-0.5609748304808925,1,False,False,False,False,True,False,False,False,False,False,False,False,False,False,False,True
0,-0.022707915768464766,-0.2286058134653583,-0.5609748304808925,1,False,True,False,True,False,True,False,False,False,False,False,False,False,False,False,True
1,-0.5518268706304826,0.9909378569025421,0.6792945838081278,0,False,False,False,False,True,False,False,False,True,False,False,False,False,False,False,False
1,0.5064110390935531,1.3571652197109427,0.6792945838081278,0,False,False,False,True,True,False,False,False,True,False,False,False,False,False,False,False
1,-1.5344763582313732,0.5286989276421437,3.1598334123861687,0,False,True,False,True,True,False,False,False,False,False,False,False,False,False,False,True
1,-1.3832995139850823,0.5286989276421437,3.1598334123861687,0,False,True,False,True,True,False,False,False,False,False,False,False,False,False,False,True
0,0.2040573506009715,0.3444394801955362,0.059159876663617626,0,True,False,False,True,False,True,False,False,False,False,False,False,False,False,False,True
0,1.564648948817589,1.7703041212742283,0.059159876663617626,0,False,False,False,False,False,True,False,False,False,True,False,False,False,False,False,False
0,2.622886858541625,0.3444394801955362,-0.5609748304808925,1,False,False,False,True,False,True,False,False,False,False,False,False,False,False,False,True
1,-0.7785921369999189,0.3444394801955362,0.059159876663617626,0,True,False,False,True,False,False,True,False,False,False,False,False,False,False,False,True
0,-0.022707915768464766,-0.27197037165090676,-0.5609748304808925,1,True,False,False,False,False,True,False,False,False,False,False,False,False,False,False,True
0,0.2796457727241169,0.11044794172866994,0.6792945838081278,0,False,True,False,True,False,True,False,False,False,False,False,False,False,False,False,True
0,-1.6100647803545185,0.6904870950626278,0.6792945838081278,0,True,False,False,True,False,False,False,False,False,False,False,False,False,False,False,True
0,-0.9297689812462098,1.812289926928167,0.6792945838081278,0,False,False,False,False,False,True,False,False,False,True,False,False,False,False,False,False
0,-0.1738847600147556,0.3444394801955362,-0.5609748304808925,1,True,False,False,True,False,True,False,False,False,False,False,False,False,False,False,True
0,-0.022707915768464766,-0.809682843697731,-0.5609748304808925,1,False,True,True,False,False,True,False,False,False,False,False,False,False,False,False,True
0,-0.5518268706304826,-0.8828741679067217,-0.5609748304808925,1,False,True,False,False,False,True,False,False,False,False,False,False,False,False,False,True
1,-0.5518268706304826,-0.8160407306065733,-0.5609748304808925,1,False,True,False,True,True,False,False,False,False,False,False,False,False,False,False,True
0,2.471710014295334,0.36526093570402607,-0.5609748304808925,1,False,False,False,True,False,True,False,False,False,False,False,False,False,False,False,True
1,1.4134721045712981,0.7656365698356679,0.059159876663617626,0,False,False,False,False,False,False,False,True,False,False,False,False,False,False,False,False
0,-0.022707915768464766,2.5497045522452972,-0.5609748304808925,1,False,False,False,False,False,True,False,False,False,False,False,False,False,False,False,True
1,0.7331763054629894,1.4743073772537167,0.6792945838081278,0,False,False,False,True,False,False,True,False,False,False,False,True,False,False,False,False
1,0.5064110390935531,-0.05151766087005573,0.059159876663617626,0,False,True,False,True,False,False,True,False,False,False,False,False,False,False,False,True
0,-0.022707915768464766,-0.8189865811572414,-0.5609748304808925,1,False,True,True,False,False,True,False,False,False,False,False,False,False,False,False,True
0,0.8087647275861348,-0.8019236166026618,-0.5609748304808925,1,False,True,False,True,False,True,False,False,False,False,False,False,False,False,False,True
0,-0.09829633789161019,-0.29746598596845064,-0.5609748304808925,1,True,False,False,True,False,True,False,False,False,False,False,False,False,False,False,True
0,-0.022707915768464766,-0.7841792430073967,-0.5609748304808925,1,False,True,False,True,False,True,False,False,False,False,False,False,False,False,False,True
1,-0.5518268706304826,-0.7841792430073967,-0.5609748304808925,1,False,True,False,True,True,False,False,False,False,False,False,False,False,False,False,True
0,-0.40065002638419184,0.2711522804976662,0.6792945838081278,0,False,True,False,True,False,True,False,False,False,False,False,False,False,False,False,True
0,-0.7785921369999189,-0.8019236166026618,-0.5609748304808925,1,False,True,False,True,False,True,False,False,False,False,False,False,False,False,False,True
1,-0.022707915768464766,0.1364991380659541,1.9195639980971482,0,False,True,False,True,False,False,True,False,False,False,False,False,False,False,False,True
0,-0.022707915768464766,-0.8823470582632056,-0.5609748304808925,1,False,True,False,False,False,True,False,False,False,False,False,False,False,False,False,True
0,0.2040573506009715,-0.806763380796033,-0.5609748304808925,1,False,True,False,True,False,True,False,False,False,False,False,False,False,False,False,True
0,2.471710014295334,-0.5368057694182641,-0.5609748304808925,1,True,False,False,True,False,True,False,False,False,False,False,False,False,False,False,True
1,1.7914142151870251,1.0306316027835163,0.6792945838081278,0,False,False,False,True,False,False,True,False,False,True,False,False,False,False,False,False
0,0.5064110390935531,0.35915272270042775,-0.5609748304808925,1,False,False,False,True,False,True,False,False,False,False,False,True,False,False,False,False
1,-0.5518268706304826,-0.8189865811572414,-0.5609748304808925,1,False,True,True,False,True,False,False,False,False,False,False,False,False,False,False,True
0,-1.005357403369355,-0.7841792430073967,-0.5609748304808925,1,False,True,False,True,False,True,False,False,False,False,False,False,False,False,False,True
0,-0.7785921369999189,-0.2286058134653583,-0.5609748304808925,1,False,True,False,True,False,True,False,False,False,False,False,False,False,False,False,True
1,0.3552341948472623,-0.3336984726090336,-0.5609748304808925,1,True,False,False,True,True,False,False,False,False,False,False,False,False,False,False,True
1,0.7331763054629894,1.1141402035210881,0.059159876663617626,0,False,False,False,True,False,False,True,False,False,False,False,True,False,False,False,False
1,0.43082261697040775,-0.23138736843472296,0.059159876663617626,0,False,True,False,False,False,False,True,False,False,False,False,False,False,False,False,True
0,0.2040573506009715,-0.798539974052802,-0.5609748304808925,1,False,True,False,True,False,True,False,False,False,False,False,False,False,False,False,True
1,-0.3250616042610464,0.4870824563024251,0.6792945838081278,0,True,False,False,True,True,False,False,False,False,False,False,False,False,False,False,True
1,0.7331763054629894,1.812289926928167,0.6792945838081278,0,False,False,False,False,False,False,True,False,False,True,False,False,False,False,False,False
0,1.8670026373101707,0.3444394801955362,-0.5609748304808925,1,True,False,False,True,False,True,False,False,False,False,False,False,False,False,False,True
0,0.5064110390935531,0.7789025328484201,-0.5609748304808925,1,False,False,False,False,False,True,False,False,False,False,False,False,False,False,False,False
0,-0.022707915768464766,-0.71123278673221,-0.5609748304808925,1,False,True,False,False,False,True,False,False,False,False,False,False,False,False,False,True
1,-0.8541805591230643,1.4743073772537167,0.6792945838081278,0,False,False,False,True,True,False,False,False,False,False,False,True,False,False,False,False
0,1.3378836824481528,-0.19582465009716046,-0.5609748304808925,1,True,False,False,True,False,True,False,False,False,False,False,False,False,False,False,True
0,2.320533170049043,1.4685301291949246,0.6792945838081278,0,False,False,False,False,False,True,False,False,True,False,False,False,False,False,False,False
0,-0.5518268706304826,-0.7841792430073967,-0.5609748304808925,1,False,True,False,True,False,True,False,False,False,False,False,False,False,False,False,True
0,-0.022707915768464766,-0.7841792430073967,-0.5609748304808925,1,False,True,False,True,False,True,False,False,False,False,False,False,False,False,False,True
0,0.43082261697040775,-0.8955045384601199,-0.5609748304808925,1,False,True,False,True,False,True,False,False,False,False,False,False,False,False,False,True
1,1.7158257930638798,1.4564440718289613,0.059159876663617626,0,False,False,False,False,False,False,True,False,False,False,True,False,False,False,False,False
0,1.3378836824481528,-0.8797405693934278,-0.5609748304808925,1,False,True,False,True,False,True,False,False,False,False,False,False,False,False,False,True
1,-0.5518268706304826,-0.8189865811572414,0.6792945838081278,0,False,True,True,False,True,False,False,False,False,False,False,False,False,False,False,True
0,0.5819994612166985,0.3444394801955362,0.059159876663617626,0,True,False,False,True,False,True,False,False,False,False,False,False,False,False,False,True
0,0.5064110390935531,0.2711522804976662,0.6792945838081278,0,False,True,False,True,False,True,False,False,False,False,False,False,False,False,False,True
1,-0.5518268706304826,0.5824597491940529,-0.5609748304808925,1,True,False,False,True,True,False,False,False,False,False,False,False,False,False,False,True
0,1.4890605266944434,-3.0585777291682934,-0.5609748304808925,1,False,True,False,True,False,True,False,False,False,False,False,False,False,False,False,True
0,-0.022707915768464766,-0.8828741679067217,-0.5609748304808925,1,False,True,False,False,False,True,False,False,False,False,False,False,False,False,False,True
0,1.4890605266944434,1.1326493972880125,0.059159876663617626,0,False,False,False,False,False,False,False,True,False,False,False,False,False,False,False,False
1,-0.40065002638419184,0.3819897971587497,1.299429290952638,0,True,False,False,True,False,False,True,False,False,False,False,False,False,False,False,True
0,-0.022707915768464766,-0.8019236166026618,-0.5609748304808925,1,False,True,False,True,False,True,False,False,False,False,False,False,False,False,False,True
0,-0.022707915768464766,0.8344967423387601,-0.5609748304808925,1,False,False,False,True,False,True,False,False,False,False,False,False,False,False,False,True
0,1.1111184160787164,-0.7841792430073967,-0.5609748304808925,1,False,True,False,True,False,True,False,False,False,False,False,False,False,False,False,True
0,0.43082261697040775,0.36526093570402607,-0.5609748304808925,1,False,False,False,False,False,True,False,False,False,False,False,False,False,False,False,True
0,0.5064110390935531,-0.16092818251417132,0.059159876663617626,0,False,True,False,True,False,True,False,False,False,False,False,False,False,False,False,True
0,0.05288050635468065,-0.8019236166026618,-0.5609748304808925,1,False,True,False,True,False,True,False,False,False,False,False,False,False,False,False,True
0,-0.1738847600147556,0.5036031274312862,-0.5609748304808925,1,False,False,False,True,False,True,False,False,False,False,False,False,False,False,False,True
1,-0.5518268706304826,0.8147822510349934,1.299429290952638,0,True,False,False,False,False,False,True,False,False,False,False,False,False,False,False,True
1,0.8087647275861348,2.14527242190355,-0.5609748304808925,1,False,False,False,True,True,False,False,False,False,True,False,False,False,False,False,False
1,0.7331763054629894,0.5286989276421437,3.1598334123861687,0,False,True,False,True,False,False,True,False,False,False,False,False,False,False,False,True
0,-0.022707915768464766,-0.9050797531497122,-0.5609748304808925,1,False,True,False,True,False,True,False,False,False,False,False,False,False,False,False,True
1,-0.5518268706304826,-0.16405229962564447,0.059159876663617626,0,False,True,True,False,True,False,False,False,False,False,False,False,False,False,False,True
0,-0.022707915768464766,-0.8189865811572414,-0.5609748304808925,1,False,True,True,False,False,True,False,False,False,False,False,False,False,False,False,True
0,0.43082261697040775,-0.7841792430073967,-0.5609748304808925,1,False,True,False,True,False,True,False,False,False,False,False,False,False,False,False,True
1,-0.40065002638419184,1.2673242399099218,1.299429290952638,0,True,False,False,True,True,False,False,False,False,False,False,False,False,False,False,True
0,0.3552341948472623,-0.23528881360946907,0.6792945838081278,0,False,True,False,True,False,True,False,False,False,False,False,False,False,False,False,True
1,-0.249473182137901,-0.12717266791993012,0.059159876663617626,0,False,True,False,True,False,False,True,False,False,False,False,False,False,False,False,True
1,-1.9124184688471002,0.750263780890198,1.299429290952638,0,True,False,False,True,True,False,False,False,False,False,False,False,True,False,False,False
0,-0.249473182137901,-0.5368057694182641,-0.5609748304808925,1,True,False,False,True,False,True,False,False,False,False,False,False,False,False,False,True
0,-0.1738847600147556,-0.23166125968823223,0.059159876663617626,0,False,True,False,False,False,True,False,False,False,False,False,False,False,False,False,True
0,0.9599415718324257,1.0515683442816504,0.059159876663617626,0,False,False,False,True,False,True,False,False,False,False,True,False,False,False,False,False
0,-0.7030037148767735,-0.14903715526900022,0.6792945838081278,0,False,True,False,False,False,True,False,False,False,False,False,False,False,False,False,True
0,-0.6274152927536281,-0.806763380796033,-0.5609748304808925,1,False,True,False,True,False,True,False,False,False,False,False,False,False,False,False,True
0,-0.6274152927536281,-0.12717266791993012,-0.5609748304808925,1,False,True,False,True,False,True,False,False,False,False,False,False,False,False,False,True
0,2.3961215921721886,0.5616248415955212,-0.5609748304808925,1,False,False,False,True,False,True,False,False,False,False,True,False,False,False,False,False
0,2.093767903679607,-0.38278544498532663,-0.5609748304808925,1,True,False,True,False,False,False,False,True,False,False,False,False,False,False,False,True
1,-0.6274152927536281,1.452419049919151,-0.5609748304808925,1,False,False,False,True,True,False,False,False,False,False,True,False,False,False,False,False
0,-0.249473182137901,-0.8019236166026618,-0.5609748304808925,1,False,True,False,True,False,True,False,False,False,False,False,False,False,False,False,True
0,-0.022707915768464766,-0.8209591021193487,-0.5609748304808925,1,False,True,True,False,False,True,False,False,False,False,False,False,False,False,False,True
0,3.8323016125119516,0.4870824563024251,-0.5609748304808925,1,False,False,False,True,False,True,False,False,False,False,False,False,False,False,False,False
0,1.6402373709407343,-0.9045411875888885,-0.5609748304808925,1,False,True,False,True,False,True,False,False,False,False,False,False,False,False,False,True
0,0.2040573506009715,0.5036031274312862,-0.5609748304808925,1,False,False,False,False,False,False,False,True,True,False,False,False,False,False,False,False
0,-0.022707915768464766,-3.0585777291682934,-0.5609748304808925,1,False,False,False,True,False,True,False,False,False,False,False,False,False,False,False,True
1,-1.5344763582313732,0.4146557174979072,2.5396987052416584,0,False,True,False,True,True,False,False,False,False,False,False,False,False,False,False,True
1,-0.09829633789161019,-0.3336984726090336,-0.5609748304808925,1,True,False,False,True,True,False,False,False,False,False,False,False,False,False,False,True
0,0.2040573506009715,-0.798539974052802,-0.5609748304808925,1,False,True,False,True,False,True,False,False,False,False,False,False,False,False,False,True
0,0.12846892847782607,0.35395586016517094,0.6792945838081278,0,True,False,False,True,False,True,False,False,False,False,False,False,False,False,False,True
1,0.8843531497092803,0.7678594338107121,2.5396987052416584,0,False,True,False,True,False,False,True,False,False,False,False,False,False,False,False,True
0,-0.022707915768464766,-0.12717266791993012,0.059159876663617626,0,False,True,False,True,False,True,False,False,False,False,False,False,False,False,False,True
0,-0.7030037148767735,-0.806763380796033,-0.5609748304808925,1,False,True,False,True,False,True,False,False,False,False,False,False,False,False,False,True
1,-0.40065002638419184,1.3324938581871215,-0.5609748304808925,1,False,False,False,False,True,False,False,False,True,False,False,False,False,False,False,False
1,-2.063595313093391,0.4146557174979072,2.5396987052416584,0,False,True,False,True,True,False,False,False,False,False,False,False,False,False,False,True
0,-0.022707915768464766,1.1248955097361604,-0.5609748304808925,1,False,True,False,True,False,True,False,False,False,False,False,False,False,False,False,True
1,-2.158080840747323,0.047825129435189045,1.299429290952638,0,False,True,False,False,True,False,False,False,False,False,False,False,False,False,False,True
0,1.4134721045712981,1.4362199751817062,0.059159876663617626,0,False,False,False,False,False,True,False,False,False,False,True,False,False,False,False,False
0,-0.7785921369999189,-0.8019236166026618,-0.5609748304808925,1,False,True,False,True,False,True,False,False,False,False,False,False,False,False,False,True
0,2.0181794815564613,0.6557188297748954,-0.5609748304808925,1,False,False,False,False,False,False,False,True,False,False,False,False,False,False,False,False
0,-0.022707915768464766,-0.8428609376877135,-0.5609748304808925,1,False,True,False,True,False,True,False,False,False,False,False,False,False,False,False,True
1,-0.47623844850733726,-0.8428609376877135,-0.5609748304808925,1,False,True,False,True,True,False,False,False,False,False,False,False,False,False,False,True
0,-0.022707915768464766,-0.8019236166026618,-0.5609748304808925,1,False,True,False,True,False,True,False,False,False,False,False,False,False,False,False,True
1,-0.8541805591230643,0.2228261499229997,0.059159876663617626,0,True,False,False,True,True,False,False,False,False,False,False,False,False,False,False,True
0,-0.6274152927536281,-0.741349052303618,-0.5609748304808925,1,False,True,False,True,False,True,False,False,False,False,False,False,False,False,False,True
1,-0.5518268706304826,-0.809682843697731,-0.5609748304808925,1,False,True,True,False,True,False,False,False,False,False,False,False,False,False,False,True
1,-0.8541805591230643,-0.9442940832331417,-0.5609748304808925,1,False,True,True,False,True,False,False,False,False,False,False,False,False,False,False,True
0,-0.40065002638419184,1.3924082286355355,0.6792945838081278,0,True,False,False,True,False,True,False,False,False,False,False,False,False,False,False,True
0,-0.022707915768464766,-0.8019236166026618,-0.5609748304808925,1,False,True,False,True,False,True,False,False,False,False,False,False,False,False,False,True
1,0.2040573506009715,-0.16405229962564447,0.6792945838081278,0,False,True,True,False,False,False,True,False,False,False,False,False,False,False,False,True
0,-0.47623844850733726,-0.3336984726090336,-0.5609748304808925,1,True,False,False,True,False,True,False,False,False,False,False,False,False,False,False,True
0,2.1693563258027524,1.834129231109428,0.6792945838081278,0,False,False,False,False,False,True,False,False,False,False,True,False,False,False,False,False
0,1.564648948817589,2.003535801391161,0.6792945838081278,0,False,False,False,True,False,False,False,True,False,False,False,False,False,False,False,True
0,0.8087647275861348,-0.8828741679067217,-0.5609748304808925,1,False,True,False,False,False,True,False,False,False,False,False,False,False,False,False,True
0,1.3378836824481528,0.32854312829417104,-0.5609748304808925,1,False,False,False,True,False,True,False,False,False,False,False,True,False,False,False,False
0,0.5064110390935531,-0.8494271027413144,-0.5609748304808925,1,False,True,False,True,False,True,False,False,False,False,False,False,False,False,False,True
0,-0.7030037148767735,-0.798539974052802,0.059159876663617626,0,False,True,False,True,False,True,False,False,False,False,False,False,False,False,False,True
0,0.2040573506009715,1.3924082286355355,0.6792945838081278,0,True,False,False,True,False,True,False,False,False,False,False,False,False,False,False,True
0,-0.3250616042610464,-0.3336984726090336,-0.5609748304808925,1,True,False,False,True,False,True,False,False,False,False,False,False,False,False,False,True
0,-0.022707915768464766,-0.8160407306065733,-0.5609748304808925,1,False,True,False,True,False,True,False,False,False,False,False,False,False,False,False,True
0,1.035529993955571,-0.7841792430073967,-0.5609748304808925,1,False,True,False,True,False,True,False,False,False,False,False,False,False,False,False,True
1,0.43082261697040775,1.0408277503255374,0.059159876663617626,0,False,False,False,True,False,False,True,False,False,True,False,False,False,False,False,False
1,0.8087647275861348,0.750263780890198,0.6792945838081278,0,True,False,False,True,False,False,True,False,False,False,False,False,False,False,False,True
0,0.12846892847782607,1.0408277503255374,0.059159876663617626,0,False,False,False,True,False,True,False,False,True,False,False,False,False,False,False,False
0,3.0764173912804975,-0.5368057694182641,-0.5609748304808925,1,True,False,False,True,False,True,False,False,False,False,False,False,False,False,False,True
0,0.12846892847782607,-0.3336984726090336,-0.5609748304808925,1,True,False,False,True,False,True,False,False,False,False,False,False,False,False,False,True
0,-0.022707915768464766,-3.0585777291682934,-0.5609748304808925,1,True,False,False,True,False,True,False,False,False,False,False,False,False,False,False,True
0,-0.8541805591230643,-0.8160407306065733,-0.5609748304808925,1,False,True,False,True,False,True,False,False,False,False,False,False,False,False,False,True
0,-0.3628558153226191,-0.7841792430073967,-0.5609748304808925,1,False,True,False,True,False,True,False,False,False,False,False,False,False,False,False,True
1,-0.8541805591230643,-0.597669953407196,-0.5609748304808925,1,False,True,False,True,True,False,False,False,False,False,False,False,False,False,False,True
1,1.035529993955571,0.936361092700485,3.779968119530679,0,False,True,False,True,False,False,True,False,False,False,False,False,False,False,False,True
0,0.5064110390935531,3.3852937438182273,0.059159876663617626,0,False,False,False,False,False,True,False,False,True,False,False,False,False,False,False,False
1,-0.5518268706304826,-0.774244266805356,-0.5609748304808925,1,False,True,True,False,True,False,False,False,False,False,False,False,False,False,False,True
0,-0.1738847600147556,1.4362199751817062,-0.5609748304808925,1,False,False,False,False,False,True,False,False,False,False,True,False,False,False,False,False
0,-0.7030037148767735,-0.658138561741074,-0.5609748304808925,1,False,True,False,True,False,True,False,False,False,False,False,False,False,False,False,True
0,-1.156534247615646,0.936361092700485,3.779968119530679,0,False,True,False,True,False,True,False,False,False,False,False,False,False,False,False,True
0,2.320533170049043,0.750263780890198,0.6792945838081278,0,True,False,False,True,False,True,False,False,False,False,False,False,False,False,False,True
0,-0.3250616042610464,0.8147822510349934,1.299429290952638,0,True,False,False,False,False,True,False,False,False,False,False,False,False,False,False,True
0,-1.156534247615646,0.7678594338107121,2.5396987052416584,0,False,True,False,True,False,True,False,False,False,False,False,False,False,False,False,True
0,-0.7785921369999189,-0.5667940759868451,-0.5609748304808925,1,False,True,False,True,False,True,False,False,False,False,False,False,False,False,False,True
0,-0.8541805591230643,-0.8135961720983267,-0.5609748304808925,1,False,True,False,True,False,True,False,False,False,False,False,False,False,False,False,True
1,-1.0809458254925006,2.4738467350641637,0.059159876663617626,0,False,False,False,True,True,False,False,False,True,False,False,False,False,False,False,False
0,0.12846892847782607,1.1339105535671157,0.059159876663617626,0,False,False,False,True,False,True,False,False,True,False,False,False,False,False,False,False
1,-1.9124184688471002,-0.3034147385612252,0.059159876663617626,0,False,True,False,False,True,False,False,False,False,False,False,False,False,False,False,True
0,-0.022707915768464766,1.1248955097361604,-0.5609748304808925,1,False,True,False,True,False,True,False,False,False,False,False,False,False,False,False,True
0,-0.3250616042610464,-0.8828741679067217,-0.5609748304808925,1,False,True,False,False,False,True,False,False,False,False,False,False,False,False,False,True
0,2.320533170049043,0.36526093570402607,-0.5609748304808925,1,False,False,False,True,False,False,False,True,False,False,False,False,False,False,False,True
0,1.7158257930638798,-0.29746598596845064,-0.5609748304808925,1,True,False,False,True,False,True,False,False,False,False,False,False,False,False,False,True
0,1.1111184160787164,-0.7841792430073967,-0.5609748304808925,1,False,True,False,True,False,True,False,False,False,False,False,False,False,False,False,True
1,-0.5518268706304826,-0.8209591021193487,-0.5609748304808925,1,False,True,True,False,True,False,False,False,False,False,False,False,False,False,False,True
0,1.4890605266944434,1.812289926928167,0.6792945838081278,0,False,False,False,False,False,True,False,False,False,True,False,False,False,False,False,False
0,0.9599415718324257,-0.830854756854953,-0.5609748304808925,1,False,True,False,True,False,True,False,False,False,False,False,False,True,False,False,False
1,-0.8541805591230643,2.5497045522452972,0.059159876663617626,0,False,False,False,False,False,False,True,False,False,True,False,False,False,False,False,False
0,0.43082261697040775,0.3553757823476229,-0.5609748304808925,1,False,False,False,True,False,True,False,False,False,False,False,True,False,False,False,False
1,-0.8541805591230643,-0.23166125968823223,0.059159876663617626,0,False,True,False,False,True,False,False,False,False,False,False,False,False,False,False,True
0,-0.3250616042610464,-0.8199664648688783,-0.5609748304808925,1,False,True,True,False,False,True,False,False,False,False,False,False,False,False,False,True
0,-0.249473182137901,-0.806763380796033,0.059159876663617626,0,False,True,False,True,False,True,False,False,False,False,False,False,False,False,False,True
0,0.7331763054629894,0.3444394801955362,-0.5609748304808925,1,True,False,False,True,False,True,False,False,False,False,False,False,False,False,False,True
1,1.186706838201862,-0.29746598596845064,-0.5609748304808925,1,True,False,False,True,False,False,True,False,False,False,False,False,False,False,False,True
0,0.9599415718324257,0.3553757823476229,-0.5609748304808925,1,False,False,False,True,False,True,False,False,False,False,False,True,False,False,False,False
1,-0.5518268706304826,2.132408321022389,-0.5609748304808925,1,False,False,False,True,True,False,False,False,False,False,False,False,False,False,False,True
0,-1.9124184688471002,-0.1800831698720664,0.6792945838081278,0,False,True,False,False,False,False,False,False,False,False,False,False,False,False,False,True
1,-0.40065002638419184,0.9910237262754293,-0.5609748304808925,1,False,False,False,False,True,False,False,False,False,True,False,False,False,False,False,False
0,-0.022707915768464766,0.36526093570402607,-0.5609748304808925,1,False,False,False,True,False,True,False,False,False,True,False,False,False,False,False,False
0,1.4134721045712981,1.0408277503255374,0.059159876663617626,0,False,False,False,True,False,True,False,False,False,True,False,False,False,False,False,False
0,-0.022707915768464766,-0.6323794480268654,-0.5609748304808925,1,False,True,False,True,False,True,False,False,False,False,False,False,False,False,False,True
0,1.7158257930638798,-0.3336984726090336,-0.5609748304808925,1,True,False,False,True,False,True,False,False,False,False,False,False,False,False,False,True
0,-0.7785921369999189,-0.830854756854953,-0.5609748304808925,1,False,True,False,True,False,True,False,False,False,False,False,False,True,False,False,False
1,0.657587883339844,2.5497045522452972,-0.5609748304808925,1,False,False,False,False,True,False,False,False,False,True,False,False,False,False,False,False
1,-0.1738847600147556,-0.5368057694182641,-0.5609748304808925,1,True,False,False,True,True,False,False,False,False,False,False,True,False,False,False,False
0,-0.022707915768464766,-0.16405229962564447,-0.5609748304808925,1,False,True,True,False,False,True,False,False,False,False,False,False,False,False,False,True
0,0.2796457727241169,-0.8160407306065733,-0.5609748304808925,1,False,True,False,True,False,True,False,False,False,False,False,False,False,False,False,True
1,-1.7612416246008094,0.5824597491940529,0.059159876663617626,0,True,False,False,True,True,False,False,False,False,False,False,False,False,False,False,True
0,-0.9297689812462098,-0.9045411875888885,0.059159876663617626,0,False,True,False,True,False,True,False,False,False,False,False,False,False,False,False,True
0,0.3552341948472623,-0.3336984726090336,-0.5609748304808925,1,True,False,False,True,False,True,False,False,False,False,False,False,False,False,False,True
0,1.564648948817589,-0.3336984726090336,-0.5609748304808925,1,True,False,False,True,False,True,False,False,False,False,False,False,False,False,False,True
0,-0.1738847600147556,1.0620380556287106,0.059159876663617626,0,False,False,False,True,False,True,False,False,False,False,False,True,False,False,False,False
0,-0.7030037148767735,-0.7165619336211217,-0.5609748304808925,1,False,True,False,True,False,True,False,False,False,False,False,False,False,False,False,True
1,0.05288050635468065,0.1329851701219792,1.299429290952638,0,True,False,False,True,False,False,True,False,False,False,False,False,False,False,False,True
1,-0.5518268706304826,-0.8204626642072291,-0.5609748304808925,1,False,True,True,False,True,False,False,False,False,False,False,False,False,False,False,True
0,-0.3250616042610464,0.3444394801955362,0.059159876663617626,0,True,False,False,True,False,True,False,False,False,False,False,False,False,False,False,True
1,-0.3250616042610464,-0.798539974052802,0.059159876663617626,0,False,True,False,True,True,False,False,False,False,False,False,False,False,False,False,True
1,-0.022707915768464766,2.4738467350641637,-0.5609748304808925,1,False,False,False,True,True,False,False,False,True,False,False,False,False,False,False,False
0,-1.3832995139850823,0.023546289947323752,-0.5609748304808925,1,False,True,False,False,False,True,False,False,False,False,False,False,False,False,False,True
0,-0.022707915768464766,-3.0585777291682934,-0.5609748304808925,1,True,False,False,True,False,True,False,False,False,False,False,False,False,False,False,True
0,-0.47623844850733726,-0.3336984726090336,-0.5609748304808925,1,True,False,False,True,False,True,False,False,False,False,False,False,False,False,False,True
0,-0.47623844850733726,-0.3336984726090336,-0.5609748304808925,1,True,False,False,True,False,True,False,False,False,False,False,False,False,False,False,True
0,-0.06050212683003747,-0.12717266791993012,-0.5609748304808925,1,False,True,False,True,False,True,False,False,False,False,False,False,False,False,False,True
1,1.4134721045712981,0.6233938271906204,1.9195639980971482,0,False,True,False,True,False,False,True,False,False,False,False,False,False,False,False,True
0,0.43082261697040775,3.3852937438182273,-0.5609748304808925,1,False,False,False,False,False,True,False,False,True,False,False,False,False,False,False,False
0,-0.022707915768464766,-0.8019236166026618,-0.5609748304808925,1,False,True,False,True,False,True,False,False,False,False,False,False,False,False,False,True
0,-0.022707915768464766,-0.8019236166026618,-0.5609748304808925,1,False,True,False,True,False,True,False,False,False,False,False,False,False,False,False,True
0,-0.022707915768464766,0.4870824563024251,-0.5609748304808925,1,False,False,False,True,False,True,False,False,False,False,True,False,False,False,False,False
0,0.5064110390935531,1.464014258564117,0.059159876663617626,0,False,False,False,True,False,True,False,False,False,True,False,False,False,False,False,False
1,-0.6274152927536281,2.6962534687059603,1.9195639980971482,0,False,False,False,False,True,False,False,False,True,False,False,False,False,False,False,False
0,-0.40065002638419184,-0.12717266791993012,0.059159876663617626,0,False,True,False,True,False,True,False,False,False,False,False,False,False,False,False,True
0,0.12846892847782607,-0.798539974052802,-0.5609748304808925,1,False,True,False,True,False,True,False,False,False,False,False,False,False,False,False,True
0,3.0764173912804975,1.3571652197109427,0.6792945838081278,0,False,False,False,True,False,False,False,True,True,False,False,False,False,False,False,False
0,-1.005357403369355,0.0971716406458445,0.6792945838081278,0,False,True,False,True,False,True,False,False,False,False,False,False,False,False,False,True
1,0.05288050635468065,-0.3336984726090336,-0.5609748304808925,1,True,False,False,True,True,False,False,False,False,False,False,False,False,False,False,True
0,-0.7785921369999189,1.0620380556287106,0.059159876663617626,0,False,False,False,True,False,True,False,False,False,False,True,False,False,False,False,False
0,0.12846892847782607,-0.8189865811572414,-0.5609748304808925,1,False,True,True,False,False,True,False,False,False,False,False,False,False,False,False,True
1,-1.9124184688471002,0.2228261499229997,0.6792945838081278,0,True,False,False,True,True,False,False,False,False,False,False,False,False,False,False,True
0,-1.7612416246008094,-0.37316263612134226,0.059159876663617626,0,False,True,False,True,False,False,False,False,False,False,False,True,False,False,False,False
0,0.2796457727241169,-0.6307359423566569,-0.5609748304808925,1,False,True,False,True,False,True,False,False,False,False,False,False,False,False,False,True
0,-0.47623844850733726,-0.8019236166026618,-0.5609748304808925,1,False,True,False,True,False,True,False,False,False,False,False,False,False,False,False,True
1,1.4134721045712981,1.2673242399099218,1.299429290952638,0,True,False,False,True,False,False,True,False,False,False,False,False,False,False,False,True
0,-2.164127914517174,-0.2286058134653583,0.6792945838081278,0,True,False,False,True,False,False,False,False,False,False,False,False,False,False,False,True
0,-0.09829633789161019,-0.8135961720983267,-0.5609748304808925,1,False,True,False,True,False,True,False,False,False,False,False,False,False,False,False,True
0,-0.8541805591230643,-0.4507125974257932,-0.5609748304808925,1,True,False,False,True,False,True,False,False,False,False,False,False,False,False,False,True
0,0.3552341948472623,-0.7841792430073967,-0.5609748304808925,1,False,True,False,True,False,True,False,False,False,False,False,False,False,False,False,True
1,0.2796457727241169,1.5584783893656837,-0.5609748304808925,1,False,False,False,True,False,False,False,True,True,False,False,False,False,False,False,False
0,-0.022707915768464766,-0.2286058134653583,-0.5609748304808925,1,False,True,False,True,False,True,False,False,False,False,False,False,False,False,False,True
0,0.8843531497092803,-0.8955045384601199,-0.5609748304808925,1,False,True,False,True,False,True,False,False,False,False,False,False,False,False,False,True
0,-0.7030037148767735,-0.8823470582632056,-0.5609748304808925,1,False,True,False,False,False,True,False,False,False,False,False,False,False,False,False,True
1,0.5064110390935531,1.8931715298766851,1.299429290952638,0,False,False,False,True,False,False,True,False,True,False,False,False,False,False,False,False
0,-1.005357403369355,-0.8160407306065733,-0.5609748304808925,1,False,True,False,True,False,True,False,False,False,False,False,False,False,False,False,True
1,1.6402373709407343,1.452419049919151,0.059159876663617626,0,False,False,False,True,False,False,True,False,False,False,True,False,False,False,False,False
0,1.3756778935097254,0.7656365698356679,-0.5609748304808925,1,False,False,False,False,False,False,False,True,False,False,False,False,False,False,False,True
1,0.09067471741625335,-0.8189865811572414,-0.5609748304808925,1,False,True,True,False,True,False,False,False,False,False,False,False,False,False,False,True
0,-0.022707915768464766,0.2711522804976662,0.059159876663617626,0,False,True,True,False,False,True,False,False,False,False,False,False,False,False,False,True
0,0.2040573506009715,-0.7491276790090223,-0.5609748304808925,1,False,True,False,True,False,True,False,False,False,False,False,False,False,False,False,True
0,-0.40065002638419184,-0.6307359423566569,-0.5609748304808925,1,False,True,False,True,False,True,False,False,False,False,False,False,False,False,False,True
0,1.4134721045712981,-0.806763380796033,-0.5609748304808925,1,False,True,False,True,False,True,False,False,False,False,False,False,False,False,False,True
1,2.093767903679607,-0.5368057694182641,-0.5609748304808925,1,True,False,False,True,False,False,True,False,False,False,False,True,False,False,False,False
0,-0.022707915768464766,-0.8828741679067217,-0.5609748304808925,1,False,True,False,False,False,True,False,False,False,False,False,False,False,False,False,True
1,1.8670026373101707,0.2228261499229997,1.9195639980971482,0,True,False,False,True,False,False,True,False,False,False,False,False,False,False,False,True
0,-0.8541805591230643,-0.8189865811572414,-0.5609748304808925,1,False,True,False,True,False,True,False,False,False,False,False,False,False,False,False,True
0,-0.022707915768464766,-0.8189865811572414,-0.5609748304808925,1,False,True,True,False,False,True,False,False,False,False,False,False,True,False,False,False
1,-1.8368300467239547,-0.37316263612134226,-0.5609748304808925,1,False,True,False,True,True,False,False,False,False,False,False,False,False,False,False,True
0,-0.022707915768464766,-0.8204626642072291,-0.5609748304808925,1,False,True,True,False,False,True,False,False,False,False,False,False,False,False,False,True
1,1.035529993955571,2.4738467350641637,0.059159876663617626,0,False,False,False,True,False,False,True,False,True,False,False,False,False,False,False,False
1,-1.2321226697387915,-0.8823470582632056,-0.5609748304808925,1,False,True,False,False,True,False,False,False,False,False,False,False,False,False,False,True
1,-0.9297689812462098,1.1339105535671157,0.059159876663617626,0,False,False,False,True,False,False,True,False,True,False,False,False,False,False,False,False
0,-0.022707915768464766,0.4870824563024251,-0.5609748304808925,1,False,False,False,True,False,True,False,False,False,False,True,False,False,False,False,False
0,-0.022707915768464766,0.24200663802437702,1.299429290952638,0,False,True,False,True,False,True,False,False,False,False,False,False,False,False,False,True
0,-0.3250616042610464,-0.9050797531497122,-0.5609748304808925,1,False,True,False,True,False,True,False,False,False,False,False,False,False,False,False,True
0,-0.3250616042610464,-0.8797405693934278,-0.5609748304808925,1,False,True,False,True,False,True,False,False,False,False,False,False,False,False,False,True
1,-0.8541805591230643,-0.8494271027413144,-0.5609748304808925,1,False,True,False,True,True,False,False,False,False,False,False,False,False,False,False,True
0,-1.6100647803545185,0.457519539438721,2.5396987052416584,0,False,True,True,False,False,False,False,False,False,False,False,False,False,False,False,True
0,-2.1391837352165366,0.11284358066326507,1.299429290952638,0,False,True,False,True,False,False,False,False,False,False,False,False,False,False,False,True
0,1.2622952603250073,1.4685301291949246,-0.5609748304808925,1,False,False,False,False,False,True,False,False,True,False,False,False,False,False,False,False
0,-0.022707915768464766,-0.8189865811572414,-0.5609748304808925,1,False,True,True,False,False,True,False,False,False,False,False,False,False,False,False,True
0,-1.005357403369355,0.3444394801955362,-0.5609748304808925,1,True,False,False,True,False,True,False,False,False,False,False,False,False,False,False,True
1,-0.5518268706304826,1.3361591794576348,5.64037224096421,0,False,True,False,True,True,False,False,False,False,False,False,False,False,False,False,True
0,-0.022707915768464766,0.5100012756239033,-0.5609748304808925,1,False,False,False,False,False,True,False,False,False,False,False,False,False,False,False,True
0,-0.3250616042610464,-0.8019236166026618,-0.5609748304808925,1,False,True,False,True,False,True,False,False,False,False,False,False,False,False,False,True
0,0.7331763054629894,-0.3336984726090336,-0.5609748304808925,1,True,False,False,True,False,True,False,False,False,False,False,False,False,False,False,True
1,1.4890605266944434,0.3417284274758476,-0.5609748304808925,1,False,False,False,True,False,False,False,True,False,False,True,False,False,False,False,False
1,0.12846892847782607,-0.7143416664249429,-0.5609748304808925,1,False,True,False,True,False,False,True,False,False,False,False,False,False,False,False,True
0,0.05288050635468065,-0.8823470582632056,-0.5609748304808925,1,False,True,False,False,False,True,False,False,False,False,False,False,False,False,False,True
1,0.05288050635468065,0.2711522804976662,0.6792945838081278,0,False,True,False,True,False,False,True,False,False,False,False,False,False,False,False,True
0,0.3552341948472623,-0.3336984726090336,-0.5609748304808925,1,True,False,False,True,False,True,False,False,False,False,False,False,False,False,False,True
1,0.12846892847782607,0.35395586016517094,0.6792945838081278,0,True,False,False,True,False,False,True,False,False,False,False,False,False,False,False,True
0,-1.3832995139850823,1.8931715298766851,1.299429290952638,0,False,False,False,True,False,False,False,False,True,False,False,False,False,False,False,False
0,-2.183025020047961,-0.7322606388880221,0.059159876663617626,0,False,True,False,False,False,False,False,False,False,False,False,False,False,False,False,True
0,-0.1738847600147556,-0.9147445967366699,-0.5609748304808925,1,False,True,False,True,False,True,False,False,False,False,False,False,False,False,False,True
0,0.12846892847782607,-0.8160407306065733,-0.5609748304808925,1,False,True,False,True,False,True,False,False,False,False,False,False,False,False,False,True
0,0.7331763054629894,-3.0585777291682934,-0.5609748304808925,1,False,False,False,True,False,True,False,False,False,False,False,False,False,False,False,False
1,-0.8541805591230643,-0.8160407306065733,-0.5609748304808925,1,False,True,False,True,True,False,False,False,False,False,False,False,False,False,False,True
0,0.7331763054629894,-0.3336984726090336,-0.5609748304808925,1,True,False,False,True,False,True,False,False,False,False,False,False,False,False,False,True
1,0.2796457727241169,1.0620380556287106,0.059159876663617626,0,False,False,False,True,False,False,True,False,False,False,False,True,False,False,False,False
0,-0.249473182137901,-0.8028874327603485,-0.5609748304808925,1,False,True,False,True,False,True,False,False,False,False,False,False,False,False,False,True
0,0.7331763054629894,0.2711522804976662,-0.5609748304808925,1,False,True,False,True,False,True,False,False,False,False,False,False,False,False,False,True
0,0.43082261697040775,-0.5368057694182641,-0.5609748304808925,1,True,False,False,True,False,True,False,False,False,False,False,False,False,False,False,True
1,-1.7612416246008094,0.5286989276421437,3.1598334123861687,0,False,True,False,True,True,False,False,False,False,False,False,False,False,False,False,True
0,0.09067471741625335,-0.7841792430073967,-0.5609748304808925,1,False,True,False,True,False,True,False,False,False,False,False,False,False,False,False,True
0,-0.022707915768464766,-3.0585777291682934,-0.5609748304808925,1,False,False,False,True,False,True,False,False,True,False,False,False,False,False,False,False
1,-0.47623844850733726,-0.798539974052802,-0.5609748304808925,1,False,True,False,True,True,False,False,False,False,False,False,False,False,False,False,True
0,0.12846892847782607,0.6974165471111633,0.6792945838081278,0,True,False,False,False,False,True,False,False,False,False,False,False,False,False,False,True
0,1.035529993955571,-0.9850567418873891,-0.5609748304808925,1,False,True,False,True,False,True,False,False,False,False,False,False,False,False,False,True
0,-1.4588879361082276,0.4146557174979072,2.5396987052416584,0,False,True,False,True,False,False,False,False,False,False,False,False,False,False,False,True
1,1.7158257930638798,1.6379421972192298,0.6792945838081278,0,False,False,False,True,False,False,True,False,True,False,False,False,False,False,False,False
0,-0.1738847600147556,-0.7165619336211217,-0.5609748304808925,1,False,True,False,True,False,True,False,False,False,False,False,False,False,False,False,True
0,0.657587883339844,-3.0585777291682934,-0.5609748304808925,1,False,False,False,True,False,False,False,True,False,False,False,False,False,False,False,True
1,-0.1738847600147556,-0.37316263612134226,0.059159876663617626,0,False,True,False,True,False,False,True,False,False,False,False,True,False,False,False,False
0,-2.063595313093391,0.7678594338107121,2.5396987052416584,0,False,True,False,True,False,False,False,False,False,False,False,False,False,False,False,True
0,-0.022707915768464766,-0.9179864201772276,-0.5609748304808925,1,False,True,True,False,False,True,False,False,False,False,False,False,False,False,False,True
0,-0.022707915768464766,1.1248955097361604,-0.5609748304808925,1,False,True,False,True,False,True,False,False,False,False,False,False,False,False,False,True
0,-2.1391837352165366,0.6974165471111633,0.6792945838081278,0,True,False,False,False,False,False,False,False,False,False,False,False,False,False,False,True
0,-0.022707915768464766,-0.8189865811572414,-0.5609748304808925,1,False,True,True,False,False,True,False,False,False,False,False,False,False,False,False,True
1,2.471710014295334,1.4787785499834798,-0.5609748304808925,1,False,False,False,True,False,False,True,False,True,False,False,False,False,False,False,False
1,-1.0809458254925006,-0.23166125968823223,0.059159876663617626,0,False,True,False,False,False,False,True,False,False,False,False,False,False,False,False,True
0,-2.152033766977471,0.021587667954472933,0.6792945838081278,0,True,False,False,True,False,False,False,False,False,False,False,False,False,False,False,True
0,-0.022707915768464766,-0.8823470582632056,-0.5609748304808925,1,False,True,False,False,False,True,False,False,False,False,False,False,False,False,False,True
0,-0.47623844850733726,-0.806763380796033,-0.5609748304808925,1,False,True,False,True,False,True,False,False,False,False,False,False,False,False,False,True
0,-0.8541805591230643,-0.7560434444325566,-0.5609748304808925,1,False,True,False,True,False,True,False,False,False,False,False,False,False,False,False,True
1,0.7331763054629894,1.5182728441543658,0.6792945838081278,0,False,False,False,False,True,False,False,False,False,False,False,True,False,False,False,False
0,-0.6274152927536281,-0.7165619336211217,-0.5609748304808925,1,False,True,False,True,False,True,False,False,False,False,False,False,False,False,False,True
0,-0.022707915768464766,-0.7841792430073967,-0.5609748304808925,1,False,True,False,True,False,True,False,False,False,False,False,False,False,False,False,True
0,0.2040573506009715,1.1248955097361604,-0.5609748304808925,1,False,True,False,True,False,True,False,False,False,False,False,False,False,False,False,True
0,-0.022707915768464766,0.4770416648490861,-0.5609748304808925,1,False,False,False,False,False,True,False,False,False,True,False,False,False,False,False,False
0,-0.7030037148767735,-0.798539974052802,-0.5609748304808925,1,False,True,False,True,False,True,False,False,False,False,False,False,False,False,False,True
0,-1.005357403369355,-0.5368057694182641,-0.5609748304808925,1,True,False,False,True,False,True,False,False,False,False,False,False,False,False,False,True
1,0.05288050635468065,0.5198636196706229,-0.5609748304808925,1,False,False,False,False,True,False,False,False,False,False,False,False,False,False,False,True
0,0.39302840590883503,-0.9867906128533871,-0.5609748304808925,1,False,True,False,False,False,True,False,False,False,False,False,False,False,False,False,True
0,-0.9297689812462098,-0.7165619336211217,-0.5609748304808925,1,False,True,False,True,False,True,False,False,False,False,False,False,False,False,False,True
0,0.9599415718324257,-0.8428609376877135,-0.5609748304808925,1,False,True,False,True,False,True,False,False,False,False,False,False,False,False,False,True
0,-0.022707915768464766,1.3361591794576348,5.64037224096421,0,False,True,False,True,False,True,False,False,False,False,False,False,False,False,False,True
0,0.43082261697040775,-0.8019236166026618,-0.5609748304808925,1,False,True,False,False,False,True,False,False,False,False,False,False,False,False,False,True
0,-0.09829633789161019,0.5824597491940529,0.059159876663617626,0,True,False,False,True,False,False,False,True,False,False,False,False,False,False,False,True
1,0.43082261697040775,1.588760118059578,0.059159876663617626,0,False,False,False,False,False,False,True,False,False,True,False,False,False,False,False,False
0,-1.9124184688471002,0.5286989276421437,3.1598334123861687,0,False,True,False,True,False,False,False,False,False,False,False,False,False,False,False,True
0,3.3787710797730792,-0.8160407306065733,-0.5609748304808925,1,False,True,False,True,False,True,False,False,False,False,False,False,False,False,False,True
1,-1.5344763582313732,-0.1800831698720664,0.6792945838081278,0,False,True,False,False,True,False,False,False,False,False,False,False,False,False,False,True
1,-1.005357403369355,0.7605376956829671,0.059159876663617626,0,False,False,False,True,True,False,False,False,False,False,True,False,False,False,False,False
1,1.1111184160787164,0.3444394801955362,0.059159876663617626,0,True,False,False,True,False,False,True,False,False,False,False,False,False,False,False,True
1,-0.8541805591230643,-0.6455926003653025,0.059159876663617626,0,False,True,False,True,False,False,True,False,False,False,False,False,False,False,False,True
1,1.186706838201862,2.218822021910339,0.6792945838081278,0,False,False,False,True,False,False,True,False,False,False,False,False,False,False,False,True
0,1.6402373709407343,0.36526093570402607,-0.5609748304808925,1,False,False,False,True,False,True,False,False,False,False,False,True,False,False,False,False
1,-0.40065002638419184,0.047825129435189045,1.299429290952638,0,False,True,False,False,False,False,True,False,False,False,False,False,False,False,False,True
0,-0.022707915768464766,-0.8823470582632056,-0.5609748304808925,1,False,True,False,False,False,True,False,False,False,False,False,False,False,False,False,True
0,0.8843531497092803,-0.2550339477875714,0.6792945838081278,0,False,True,False,True,False,True,False,False,False,False,False,False,False,False,False,True
0,-0.6274152927536281,-0.4507125974257932,0.059159876663617626,0,True,False,False,True,False,True,False,False,False,False,False,False,False,False,False,True
1,1.4134721045712981,0.3417284274758476,-0.5609748304808925,1,False,False,False,True,False,False,True,False,False,False,True,False,False,False,False,False
1,-0.5518268706304826,1.3361591794576348,5.64037224096421,0,False,True,False,True,True,False,False,False,False,False,False,False,False,False,False,True
0,-0.40065002638419184,-0.3336984726090336,-0.5609748304808925,1,True,False,False,True,False,True,False,False,False,False,False,False,False,False,False,True
1,0.9599415718324257,-0.3336984726090336,-0.5609748304808925,1,True,False,False,True,False,False,True,False,False,False,False,False,False,False,False,True
1,-0.1738847600147556,-0.272262193114855,0.059159876663617626,0,True,False,False,False,True,False,False,False,False,False,False,False,False,False,False,True
0,0.12846892847782607,1.0110997852233976,-0.5609748304808925,1,False,False,False,True,False,True,False,False,False,False,False,False,False,False,False,False
0,-0.022707915768464766,-0.6307359423566569,-0.5609748304808925,1,False,True,False,True,False,True,False,False,False,False,False,False,False,False,False,True
0,-1.9124184688471002,-0.48145578049281335,0.6792945838081278,0,False,True,False,True,False,False,False,False,False,False,False,False,False,False,False,True
0,-0.249473182137901,-0.8019236166026618,-0.5609748304808925,1,False,True,False,True,False,True,False,False,False,False,False,False,False,False,False,True
1,1.3378836824481528,1.0515683442816504,0.6792945838081278,0,False,False,False,True,False,False,True,False,False,False,True,False,False,False,False,False
0,0.2796457727241169,-1.208550389612567,-0.5609748304808925,1,False,False,False,True,False,True,False,False,True,False,False,False,False,False,False,False
0,1.3378836824481528,-0.6811127586453682,-0.5609748304808925,1,False,True,False,True,False,True,False,False,False,False,False,False,False,False,False,True
1,-0.09829633789161019,0.26497567234198965,0.059159876663617626,0,True,False,False,False,False,False,True,False,False,False,False,False,False,False,False,True
1,-1.0809458254925006,-0.8828741679067217,-0.5609748304808925,1,False,True,False,False,True,False,False,False,False,False,False,False,False,False,False,True
0,-0.7030037148767735,-0.5972795597045879,-0.5609748304808925,1,False,True,False,True,False,True,False,False,False,False,False,False,False,False,False,True
0,-0.7785921369999189,-0.8019236166026618,-0.5609748304808925,1,False,True,False,True,False,True,False,False,False,False,False,False,False,False,False,True
0,-0.022707915768464766,-0.8019236166026618,-0.5609748304808925,1,False,True,False,True,False,True,False,False,False,False,False,False,False,False,False,True
1,2.0181794815564613,1.5182728441543658,0.059159876663617626,0,False,False,False,False,False,False,True,False,False,True,False,False,False,False,False,False
1,-0.3250616042610464,0.3444394801955362,0.059159876663617626,0,True,False,False,True,False,False,True,False,False,False,False,False,False,False,False,True
0,0.2796457727241169,-0.8019236166026618,-0.5609748304808925,1,False,True,False,True,False,True,False,False,False,False,False,False,False,False,False,True
1,-0.5518268706304826,-0.5353074585700541,-0.5609748304808925,1,False,True,False,True,True,False,False,False,False,False,False,False,False,False,False,True
0,-0.09829633789161019,-0.5368057694182641,-0.5609748304808925,1,True,False,False,True,False,True,False,False,False,False,False,False,False,False,False,True
0,-0.3250616042610464,-0.9050797531497122,-0.5609748304808925,1,False,True,False,True,False,True,False,False,False,False,False,False,False,False,False,True
1,0.7331763054629894,0.457519539438721,2.5396987052416584,0,False,True,True,False,False,False,True,False,False,False,False,False,False,False,False,True
0,-0.1738847600147556,-0.3336984726090336,-0.5609748304808925,1,True,False,False,True,False,False,False,True,False,False,False,False,False,False,False,True
1,-0.7785921369999189,0.4870824563024251,-0.5609748304808925,1,False,False,False,True,True,False,False,False,True,False,False,False,False,False,False,False
1,-0.5518268706304826,0.24200663802437702,1.299429290952638,0,False,True,False,True,True,False,False,False,False,False,False,False,False,False,False,True
0,-0.249473182137901,0.4870824563024251,-0.5609748304808925,1,False,False,False,False,False,True,False,False,False,True,False,False,False,False,False,False
0,0.2040573506009715,-0.8189865811572414,-0.5609748304808925,1,False,True,True,False,False,True,False,False,False,False,False,False,False,False,False,True
